Workbook

Sheet Company Stock 
A2: WINTECH AGRO BANGLADESH
A3: House #20, Road #18, Sector #14, Uttara, Dhaka-1230,Bangladesh.
A4: Company Stock Report April 2026
A6: Name of | B6: Pack | C6: Cumilla | D6: Mymensingh | E6: Bogra | F6: Jessore | G6: Feni | H6: Total | I6: Remarks
A7: The Products | B7: Size | C7: Stock | D7: Stock | E7: Stock | F7: Stock | G7: Stock | H7: Quantity
A8: Aqua Amla | B8: 100gm | C8: ='Cumilla '!J7 -> 293 | D8: ='Mymensing '!J7 -> 705 | E8: =Bogura!J7 -> 143 | F8: ='Jessore '!J7 -> 0 | G8: ='Feni '!J7 -> 0 | H8: =SUM(C8:G8) -> 1141
A9: Aqua Amla | B9: 500gm | C9: ='Cumilla '!J8 -> 307 | D9: ='Mymensing '!J8 -> 234 | E9: =Bogura!J8 -> 37 | F9: ='Jessore '!J8 -> 70 | G9: ='Feni '!J8 -> 160 | H9: =SUM(C9:G9) -> 808
A10: Aqua Milk Premium | B10: 500gm | C10: ='Cumilla '!J9 -> 7084 | D10: ='Mymensing '!J9 -> 601 | E10: =Bogura!J9 -> 442 | F10: ='Jessore '!J9 -> 4 | G10: ='Feni '!J9 -> 80 | H10: =SUM(C10:G10) -> 8211
A11: Aqua Safe Plus | B11: 5kg | C11: ='Cumilla '!J10 -> 73 | D11: ='Mymensing '!J10 -> 158 | E11: =Bogura!J10 -> 23 | F11: ='Jessore '!J10 -> 65 | G11: ='Feni '!J10 -> 40 | H11: =SUM(C11:G11) -> 359
A12: Bencidal Plus | B12: 100ml | C12: ='Cumilla '!J11 -> 2238 | D12: ='Mymensing '!J11 -> 806 | E12: =Bogura!J11 -> 81 | F12: ='Jessore '!J11 -> 124 | G12: ='Feni '!J11 -> 0 | H12: =SUM(C12:G12) -> 3249
A13: Bencidal Plus | B13: 500ml | C13: ='Cumilla '!J12 -> 203 | D13: ='Mymensing '!J12 -> 249 | E13: =Bogura!J12 -> 20 | F13: ='Jessore '!J12 -> 189 | G13: ='Feni '!J12 -> 183 | H13: =SUM(C13:G13) -> 844
A14: Bottom Light | B14: 100gm | C14: ='Cumilla '!J13 -> 1135 | D14: ='Mymensing '!J13 -> 468 | E14: =Bogura!J13 -> 79 | F14: ='Jessore '!J13 -> 64 | G14: ='Feni '!J13 -> 70 | H14: =SUM(C14:G14) -> 1816
A15: Bottom Light | B15: 500gm | C15: ='Cumilla '!J14 -> 613 | D15: ='Mymensing '!J14 -> 175 | E15: =Bogura!J14 -> 26 | F15: ='Jessore '!J14 -> 13 | G15: ='Feni '!J14 -> 134 | H15: =SUM(C15:G15) -> 961
A16: Brood Plus | B16: 500gm | C16: ='Cumilla '!J15 -> 114 | D16: ='Mymensing '!J15 -> 368 | E16: =Bogura!J15 -> 34 | F16: ='Jessore '!J15 -> 28 | G16: ='Feni '!J15 -> 48 | H16: =SUM(C16:G16) -> 592
A17: Eco Fresh | B17: 1kg | C17: ='Cumilla '!J16 -> 216 | D17: ='Mymensing '!J16 -> 467 | E17: =Bogura!J16 -> 73 | F17: ='Jessore '!J16 -> 19 | G17: ='Feni '!J16 -> 35 | H17: =SUM(C17:G17) -> 810
A18: Eco Fresh Plus | B18: 1kg | C18: ='Cumilla '!J17 -> 1358 | D18: ='Mymensing '!J17 -> 722 | E18: =Bogura!J17 -> 148 | F18: ='Jessore '!J17 -> 111 | G18: ='Feni '!J17 -> 195 | H18: =SUM(C18:G18) -> 2534
A19: Energy Flow | B19: 500gm | C19: ='Cumilla '!J18 -> 9 | D19: ='Mymensing '!J18 -> 324 | E19: =Bogura!J18 -> 48 | F19: ='Jessore '!J18 -> 56 | G19: ='Feni '!J18 -> 96 | H19: =SUM(C19:G19) -> 533
... A40: Vita Fort Aqua | B40: 500g | C40: ='Cumilla '!J39 -> 0 | D40: ='Mymensing '!J39 -> 0 | E40: =Bogura!J39 -> 0 | F40: ='Jessore '!J39 -> 60 | G40: ='Feni '!J39 -> 0 | H40: =SUM(C40:G40) -> 60
A41: Total:- | C41: =SUM(C8:C40) -> 27054 | D41: =SUM(D8:D40) -> 11922 | E41: =SUM(E8:E39) -> 1969 | F41: =SUM(F8:F39) -> 2185.5 | G41: =SUM(G8:G39) -> 2511 | H41: =SUM(H8:H40) -> 45701.5
A46: Accounts Dept. | D46: Checked By | I46: Managing Partner

Sheet Cumilla 
A1: WINTECH AGRO BANGLADESH
A2: House # 20, Road # 18, Sector # 14, Uttara, Dhaka-1230, Bangladesh.
A3: Monthly Zonal Product Storage & Dispose
A4: Month of April 2026 | K4: Zone : Cumilla
A5: Name Of Product | B5: Pack | C5: Previous | D5: Received | E5: Return | F5: Total | G5: Transfer | H5: Sales | I5: Bonus | J5: Present | K5: Remarks
B6: Size | C6: Stock | D6: Quentity | E6: Quantity | F6: Quantity | G6: Quantity | H6: Quantity | I6: Quantity | J6: Balance
A7: ='Company Stock '!A8 -> Aqua Amla | B7: ='Company Stock '!B8 -> 100gm | C7: 180 | D7: 113 | F7: =C7+D7+E7 -> 293 | J7: =F7-G7-H7-I7 -> 293
A8: ='Company Stock '!A9 -> Aqua Amla | B8: ='Company Stock '!B9 -> 500gm | C8: 122 | D8: 201 | E8: 8 | F8: =C8+D8+E8 -> 331 | H8: 24 | J8: =F8-G8-H8-I8 -> 307
A9: ='Company Stock '!A10 -> Aqua Milk Premium | B9: ='Company Stock '!B10 -> 500gm | C9: 7908 | E9: 3 | F9: =C9+D9+E9 -> 7911 | G9: 700 | H9: 125 | I9: 2 | J9: =F9-G9-H9-I9 -> 7084
A10: ='Company Stock '!A11 -> Aqua Safe Plus | B10: ='Company Stock '!B11 -> 5kg | C10: 126 | D10: 223 | F10: =C10+D10+E10 -> 349 | G10: 224 | H10: 51 | I10: 1 | J10: =F10-G10-H10-I10 -> 73 | K10: 60
A11: ='Company Stock '!A12 -> Bencidal Plus | B11: ='Company Stock '!B12 -> 100ml | C11: 2271 | F11: =C11+D11+E11 -> 2271 | H11: 32 | I11: 1 | J11: =F11-G11-H11-I11 -> 2238
A12: ='Company Stock '!A13 -> Bencidal Plus | B12: ='Company Stock '!B13 -> 500ml | C12: 399 | E12: 19 | F12: =C12+D12+E12 -> 418 | G12: 150 | H12: 65 | J12: =F12-G12-H12-I12 -> 203 | K12: 150
A13: ='Company Stock '!A14 -> Bottom Light | B13: ='Company Stock '!B14 -> 100gm | C13: 1121 | D13: 76 | F13: =C13+D13+E13 -> 1197 | H13: 62 | J13: =F13-G13-H13-I13 -> 1135
A14: ='Company Stock '!A15 -> Bottom Light | B14: ='Company Stock '!B15 -> 500gm | C14: 742 | D14: 3 | F14: =C14+D14+E14 -> 745 | G14: 75 | H14: 57 | J14: =F14-G14-H14-I14 -> 613
A15: ='Company Stock '!A16 -> Brood Plus | B15: ='Company Stock '!B16 -> 500gm | C15: 112 | E15: 2 | F15: =C15+D15+E15 -> 114 | J15: =F15-G15-H15-I15 -> 114
A16: ='Company Stock '!A17 -> Eco Fresh | B16: ='Company Stock '!B17 -> 1kg | C16: 58 | D16: 673 | F16: =C16+D16+E16 -> 731 | G16: 418 | H16: 90 | I16: 7 | J16: =F16-G16-H16-I16 -> 216 | K16: 88
A17: ='Company Stock '!A18 -> Eco Fresh Plus | B17: ='Company Stock '!B18 -> 1kg | C17: 2556 | E17: 2 | F17: =C17+D17+E17 -> 2558 | G17: 1050 | H17: 147 | I17: 3 | J17: =F17-G17-H17-I17 -> 1358 | K17: 150
A18: ='Company Stock '!A19 -> Energy Flow | B18: ='Company Stock '!B19 -> 500gm | C18: 207 | D18: 544 | E18: 11 | F18: =C18+D18+E18 -> 762 | G18: 288 | H18: 454 | I18: 11 | J18: =F18-G18-H18-I18 -> 9
A19: ='Company Stock '!A20 -> Enrosef | B19: ='Company Stock '!B20 -> 100ml | F19: =C19+D19+E19 -> 0 | J19: =F19-G19-H19-I19 -> 0
A20: ='Company Stock '!A21 -> Enrosef | B20: ='Company Stock '!B21 -> 500ml | C20: 16 | E20: 1 | F20: =C20+D20+E20 -> 17 | J20: =F20-G20-H20-I20 -> 17
A21: ='Company Stock '!A22 -> Erostep | B21: ='Company Stock '!B22 -> 100gm | C21: 4 | E21: 5 | F21: =C21+D21+E21 -> 9 | J21: =F21-G21-H21-I21 -> 9
A22: ='Company Stock '!A23 -> Green Vita | B22: ='Company Stock '!B23 -> 500gm | C22: 174 | D22: 400 | F22: =C22+D22+E22 -> 574 | G22: 460 | H22: 100 | I22: 3 | J22: =F22-G22-H22-I22 -> 11 | K22: 160
A23: ='Company Stock '!A24 -> Liver Win | B23: ='Company Stock '!B24 -> 500ml | C23: 1265 | E23: 3 | F23: =C23+D23+E23 -> 1268 | J23: =F23-G23-H23-I23 -> 1268
A24: ='Company Stock '!A25 -> Oxy-win (Granular) | B24: ='Company Stock '!B25 -> 1kg | C24: 117 | F24: =C24+D24+E24 -> 117 | G24: 100 | J24: =F24-G24-H24-I24 -> 17
A25: ='Company Stock '!A26 -> Oxy-win (Tablet) | B25: ='Company Stock '!B26 -> 1kg | C25: 3675 | F25: =C25+D25+E25 -> 3675 | G25: 400 | H25: 493 | J25: =F25-G25-H25-I25 -> 2782
A26: ='Company Stock '!A27 -> Pro Yucca for Fish | B26: ='Company Stock '!B27 -> 100ml | C26: 1754 | E26: 15 | F26: =C26+D26+E26 -> 1769 | G26: 400 | H26: 24 | I26: 1 | J26: =F26-G26-H26-I26 -> 1344
A27: ='Company Stock '!A28 -> Pro Yucca for Fish | B27: ='Company Stock '!B28 -> 500ml | C27: 1868 | E27: 2 | F27: =C27+D27+E27 -> 1870 | G27: 75 | H27: 37 | J27: =F27-G27-H27-I27 -> 1758
A28: ='Company Stock '!A29 -> Vitafort Aqua | B28: ='Company Stock '!B29 -> 500gm | C28: 343 | F28: =C28+D28+E28 -> 343 | G28: 180 | H28: 4 | J28: =F28-G28-H28-I28 -> 159 | K28: 180
A29: ='Company Stock '!A30 -> Vitazyme Aqua | B29: ='Company Stock '!B30 -> 500gm | C29: 2343 | E29: 8 | F29: =C29+D29+E29 -> 2351 | G29: 162 | H29: 3 | J29: =F29-G29-H29-I29 -> 2186 | K29: 18
A30: ='Company Stock '!A31 -> Win C | B30: ='Company Stock '!B31 -> 100gm | C30: 462 | F30: =C30+D30+E30 -> 462 | H30: 20 | I30: 1 | J30: =F30-G30-H30-I30 -> 441
A31: ='Company Stock '!A32 -> Win C | B31: ='Company Stock '!B32 -> 500gm | F31: =C31+D31+E31 -> 0 | J31: =F31-G31-H31-I31 -> 0
A32: ='Company Stock '!A33 -> Win Health | B32: ='Company Stock '!B33 -> 500ml | C32: 570 | E32: 4 | F32: =C32+D32+E32 -> 574 | G32: 197 | H32: 1 | J32: =F32-G32-H32-I32 -> 376
A33: ='Company Stock '!A34 -> Win Max Plus | B33: ='Company Stock '!B34 -> 50ml | C33: 283 | D33: 1000 | E33: 2 | F33: =C33+D33+E33 -> 1285 | G33: 700 | H33: 434 | I33: 18 | J33: =F33-G33-H33-I33 -> 133
A34: ='Company Stock '!A35 -> Win Max Plus | B34: ='Company Stock '!B35 -> 200ml | C34: 417 | D34: 672 | E34: 3 | F34: =C34+D34+E34 -> 1092 | G34: 528 | H34: 198 | I34: 2 | J34: =F34-G34-H34-I34 -> 364 | K34: 96
A35: ='Company Stock '!A36 -> Win Pro Aqua | B35: ='Company Stock '!B36 -> 100gm | C35: 387 | E35: 5 | F35: =C35+D35+E35 -> 392 | H35: 21 | J35: =F35-G35-H35-I35 -> 371
A36: ='Company Stock '!A37 -> Win Pro Aqua | B36: ='Company Stock '!B37 -> 200gm | C36: 1814 | D36: 13 | E36: 3 | F36: =C36+D36+E36 -> 1830 | H36: 21 | J36: =F36-G36-H36-I36 -> 1809
A37: ='Company Stock '!A38 -> Winxide Aqua | B37: ='Company Stock '!B38 -> 100ml | C37: 76 | D37: 139 | F37: =C37+D37+E37 -> 215 | H37: 15 | J37: =F37-G37-H37-I37 -> 200
A38: ='Company Stock '!A39 -> Winxide Aqua | B38: ='Company Stock '!B39 -> 500ml | C38: 108 | D38: 308 | F38: =C38+D38+E38 -> 416 | G38: 168 | H38: 82 | J38: =F38-G38-H38-I38 -> 166
A43: Assigned Officer | K43: Zone Incharge

Sheet Mymensing 
A1: WINTECH AGRO BANGLADESH
A2: House # 20, Road # 18, Sector # 14, Uttara, Dhaka-1230, Bangladesh.
A3: Monthly Zonal Product Storage & Dispose
A4: Month of April 2025 | K4: Zone : Mymensingh
A5: Name Of Product | B5: Pack | C5: Previous | D5: Received | E5: Return | F5: Total | G5: Transfer | H5: Sales | I5: Bonus | J5: Present | K5: Remarks
B6: Size | C6: Stock | D6: Quentity | E6: Quantity | F6: Quantity | G6: Quantity | H6: Quantity | I6: Quantity | J6: Balance
A7: ='Company Stock '!A8 -> Aqua Amla | B7: ='Company Stock '!B8 -> 100gm | C7: 1267 | F7: =C7+D7+E7 -> 1267 | G7: 510 | H7: 52 | J7: =F7-G7-H7-I7 -> 705
A8: ='Company Stock '!A9 -> Aqua Amla | B8: ='Company Stock '!B9 -> 500gm | C8: 361 | F8: =C8+D8+E8 -> 361 | G8: 34 | H8: 93 | J8: =F8-G8-H8-I8 -> 234
A9: ='Company Stock '!A10 -> Aqua Milk Premium | B9: ='Company Stock '!B10 -> 500gm | C9: 882 | F9: =C9+D9+E9 -> 882 | H9: 281 | J9: =F9-G9-H9-I9 -> 601
A10: ='Company Stock '!A11 -> Aqua Safe Plus | B10: ='Company Stock '!B11 -> 5kg | C10: 245 | D10: 14 | F10: =C10+D10+E10 -> 259 | G10: 13 | H10: 88 | J10: =F10-G10-H10-I10 -> 158
A11: ='Company Stock '!A12 -> Bencidal Plus | B11: ='Company Stock '!B12 -> 100ml | C11: 874 | F11: =C11+D11+E11 -> 874 | H11: 68 | J11: =F11-G11-H11-I11 -> 806
A12: ='Company Stock '!A13 -> Bencidal Plus | B12: ='Company Stock '!B13 -> 500ml | C12: 323 | F12: =C12+D12+E12 -> 323 | H12: 74 | J12: =F12-G12-H12-I12 -> 249
A13: ='Company Stock '!A14 -> Bottom Light | B13: ='Company Stock '!B14 -> 100gm | C13: 668 | F13: =C13+D13+E13 -> 668 | G13: 29 | H13: 171 | J13: =F13-G13-H13-I13 -> 468
A14: ='Company Stock '!A15 -> Bottom Light | B14: ='Company Stock '!B15 -> 500gm | C14: 217 | F14: =C14+D14+E14 -> 217 | G14: 16 | H14: 26 | J14: =F14-G14-H14-I14 -> 175
A15: ='Company Stock '!A16 -> Brood Plus | B15: ='Company Stock '!B16 -> 500gm | C15: 389 | F15: =C15+D15+E15 -> 389 | H15: 21 | J15: =F15-G15-H15-I15 -> 368
A16: ='Company Stock '!A17 -> Eco Fresh | B16: ='Company Stock '!B17 -> 1kg | C16: 734 | D16: 220 | F16: =C16+D16+E16 -> 954 | G16: 22 | H16: 465 | J16: =F16-G16-H16-I16 -> 467
A17: ='Company Stock '!A18 -> Eco Fresh Plus | B17: ='Company Stock '!B18 -> 1kg | C17: 174 | D17: 600 | F17: =C17+D17+E17 -> 774 | H17: 52 | J17: =F17-G17-H17-I17 -> 722
A18: ='Company Stock '!A19 -> Energy Flow | B18: ='Company Stock '!B19 -> 500gm | C18: 588 | D18: 288 | F18: =C18+D18+E18 -> 876 | G18: 33 | H18: 519 | J18: =F18-G18-H18-I18 -> 324
A19: ='Company Stock '!A20 -> Enrosef | B19: ='Company Stock '!B20 -> 100ml | J19: =F19-G19-H19-I19 -> 0
A20: ='Company Stock '!A21 -> Enrosef | B20: ='Company Stock '!B21 -> 500ml | J20: =F20-G20-H20-I20 -> 0
A21: ='Company Stock '!A22 -> Erostep | B21: ='Company Stock '!B22 -> 100gm | C21: 40 | D21: 24 | F21: =C21+D21+E21 -> 64 | G21: 10 | H21: 50 | J21: =F21-G21-H21-I21 -> 4
A22: ='Company Stock '!A23 -> Green Vita | B22: ='Company Stock '!B23 -> 500gm | C22: 229 | D22: 240 | F22: =C22+D22+E22 -> 469 | G22: 55 | H22: 291 | J22: =F22-G22-H22-I22 -> 123
A23: ='Company Stock '!A24 -> Liver Win | B23: ='Company Stock '!B24 -> 500ml | C23: 386 | F23: =C23+D23+E23 -> 386 | H23: 15 | J23: =F23-G23-H23-I23 -> 371
A24: ='Company Stock '!A25 -> Oxy-win (Granular) | B24: ='Company Stock '!B25 -> 1kg | C24: 99 | D24: 50 | F24: =C24+D24+E24 -> 149 | G24: 30 | H24: 42 | J24: =F24-G24-H24-I24 -> 77
A25: ='Company Stock '!A26 -> Oxy-win (Tablet) | B25: ='Company Stock '!B26 -> 1kg | C25: 249.5 | D25: 200 | F25: =C25+D25+E25 -> 449.5 | H25: 54.5 | J25: =F25-G25-H25-I25 -> 395
A26: ='Company Stock '!A27 -> Pro Yucca for Fish | B26: ='Company Stock '!B27 -> 100ml | C26: 164 | D26: 400 | E26: 5 | F26: =C26+D26+E26 -> 569 | H26: 35 | J26: =F26-G26-H26-I26 -> 534
A27: ='Company Stock '!A28 -> Pro Yucca for Fish | B27: ='Company Stock '!B28 -> 500ml | C27: 304 | F27: =C27+D27+E27 -> 304 | J27: =F27-G27-H27-I27 -> 304
A28: ='Company Stock '!A29 -> Vitafort Aqua | B28: ='Company Stock '!B29 -> 500gm | C28: 289 | F28: =C28+D28+E28 -> 289 | H28: 30 | J28: =F28-G28-H28-I28 -> 259
A29: ='Company Stock '!A30 -> Vitazyme Aqua | B29: ='Company Stock '!B30 -> 500gm | C29: 721 | F29: =C29+D29+E29 -> 721 | G29: 6 | H29: 87 | J29: =F29-G29-H29-I29 -> 628
A30: ='Company Stock '!A31 -> Win C | B30: ='Company Stock '!B31 -> 100gm | J30: =F30-G30-H30-I30 -> 0
A31: ='Company Stock '!A32 -> Win C | B31: ='Company Stock '!B32 -> 500gm | J31: =F31-G31-H31-I31 -> 0
A32: ='Company Stock '!A33 -> Win Health | B32: ='Company Stock '!B33 -> 500ml | C32: 145 | D32: 150 | F32: =C32+D32+E32 -> 295 | H32: 40 | J32: =F32-G32-H32-I32 -> 255
A33: ='Company Stock '!A34 -> Win Max Plus | B33: ='Company Stock '!B34 -> 50ml | C33: 891 | D33: 700 | F33: =C33+D33+E33 -> 1591 | H33: 224 | J33: =F33-G33-H33-I33 -> 1367
A34: ='Company Stock '!A35 -> Win Max Plus | B34: ='Company Stock '!B35 -> 200ml | C34: 396 | D34: 192 | F34: =C34+D34+E34 -> 588 | H34: 14 | J34: =F34-G34-H34-I34 -> 574
A35: ='Company Stock '!A36 -> Win Pro Aqua | B35: ='Company Stock '!B36 -> 100gm | C35: 595 | F35: =C35+D35+E35 -> 595 | G35: 11 | H35: 15 | J35: =F35-G35-H35-I35 -> 569
A36: ='Company Stock '!A37 -> Win Pro Aqua | B36: ='Company Stock '!B37 -> 200gm | C36: 576 | F36: =C36+D36+E36 -> 576 | G36: 6 | H36: 10 | J36: =F36-G36-H36-I36 -> 560
A37: ='Company Stock '!A38 -> Winxide Aqua | B37: ='Company Stock '!B38 -> 100ml | C37: 496 | F37: =C37+D37+E37 -> 496 | G37: 10 | H37: 56 | J37: =F37-G37-H37-I37 -> 430
A38: ='Company Stock '!A39 -> Winxide Aqua | B38: ='Company Stock '!B39 -> 500ml | C38: 177 | D38: 96 | F38: =C38+D38+E38 -> 273 | G38: 52 | H38: 26 | J38: =F38-G38-H38-I38 -> 195
A45: Assigned Officer | K45: Zone Incharge

Sheet Jessore 
A1: WINTECH AGRO BANGLADESH
A2: House # 20, Road # 18, Sector # 14, Uttara, Dhaka-1230, Bangladesh.
A3: Monthly Zonal Product Storage & Dispose
A4: Month of April 2026 | K4: Zone : Jessore
A5: Name Of Product | B5: Pack | C5: Previous | D5: Received | E5: Return | F5: Total | G5: Transfer | H5: Sales | I5: Bonus | J5: Present | K5: Remarks
B6: Size | C6: Stock | D6: Quentity | E6: Quantity | F6: Quantity | G6: Quantity | H6: Quantity | I6: Quantity | J6: Balance
A7: ='Company Stock '!A8 -> Aqua Amla | B7: ='Company Stock '!B8 -> 100gm | F7: =C7+D7+E7 -> 0 | J7: =F7-G7-H7-I7 -> 0
A8: ='Company Stock '!A9 -> Aqua Amla | B8: ='Company Stock '!B9 -> 500gm | C8: 80 | F8: =C8+D8+E8 -> 80 | H8: 10 | J8: =F8-G8-H8-I8 -> 70
A9: ='Company Stock '!A10 -> Aqua Milk Premium | B9: ='Company Stock '!B10 -> 500gm | C9: 80 | F9: =C9+D9+E9 -> 80 | H9: 73 | I9: 3 | J9: =F9-G9-H9-I9 -> 4
A10: ='Company Stock '!A11 -> Aqua Safe Plus | B10: ='Company Stock '!B11 -> 5kg | C10: 65 | F10: =C10+D10+E10 -> 65 | J10: =F10-G10-H10-I10 -> 65
A11: ='Company Stock '!A12 -> Bencidal Plus | B11: ='Company Stock '!B12 -> 100ml | C11: 124 | F11: =C11+D11+E11 -> 124 | J11: =F11-G11-H11-I11 -> 124
A12: ='Company Stock '!A13 -> Bencidal Plus | B12: ='Company Stock '!B13 -> 500ml | C12: 189 | F12: =C12+D12+E12 -> 189 | J12: =F12-G12-H12-I12 -> 189
A13: ='Company Stock '!A14 -> Bottom Light | B13: ='Company Stock '!B14 -> 100gm | C13: 64 | F13: =C13+D13+E13 -> 64 | J13: =F13-G13-H13-I13 -> 64
A14: ='Company Stock '!A15 -> Bottom Light | B14: ='Company Stock '!B15 -> 500gm | C14: 67 | F14: =C14+D14+E14 -> 67 | H14: 52 | I14: 2 | J14: =F14-G14-H14-I14 -> 13
A15: ='Company Stock '!A16 -> Brood Plus | B15: ='Company Stock '!B16 -> 500gm | C15: 30 | F15: =C15+D15+E15 -> 30 | H15: 2 | J15: =F15-G15-H15-I15 -> 28
A16: ='Company Stock '!A17 -> Eco Fresh | B16: ='Company Stock '!B17 -> 1kg | C16: 19 | F16: =C16+D16+E16 -> 19 | J16: =F16-G16-H16-I16 -> 19
A17: ='Company Stock '!A18 -> Eco Fresh Plus | B17: ='Company Stock '!B18 -> 1kg | C17: 111 | F17: =C17+D17+E17 -> 111 | J17: =F17-G17-H17-I17 -> 111
A18: ='Company Stock '!A19 -> Energy Flow | B18: ='Company Stock '!B19 -> 500gm | C18: 184 | F18: =C18+D18+E18 -> 184 | H18: 128 | J18: =F18-G18-H18-I18 -> 56
A19: ='Company Stock '!A20 -> Enrosef | B19: ='Company Stock '!B20 -> 100ml | F19: =C19+D19+E19 -> 0 | J19: =F19-G19-H19-I19 -> 0
A20: ='Company Stock '!A21 -> Enrosef | B20: ='Company Stock '!B21 -> 500ml | F20: =C20+D20+E20 -> 0 | J20: =F20-G20-H20-I20 -> 0
A21: ='Company Stock '!A22 -> Erostep | B21: ='Company Stock '!B22 -> 100gm | C21: 39 | F21: =C21+D21+E21 -> 39 | J21: =F21-G21-H21-I21 -> 39
A22: ='Company Stock '!A23 -> Green Vita | B22: ='Company Stock '!B23 -> 500gm | C22: 40 | F22: =C22+D22+E22 -> 40 | J22: =F22-G22-H22-I22 -> 40
A23: ='Company Stock '!A24 -> Liver Win | B23: ='Company Stock '!B24 -> 500ml | C23: 101 | F23: =C23+D23+E23 -> 101 | J23: =F23-G23-H23-I23 -> 101
A24: ='Company Stock '!A25 -> Oxy-win (Granular) | B24: ='Company Stock '!B25 -> 1kg | C24: 20 | D24: 30 | F24: =C24+D24+E24 -> 50 | H24: 42 | J24: =F24-G24-H24-I24 -> 8
A25: ='Company Stock '!A26 -> Oxy-win (Tablet) | B25: ='Company Stock '!B26 -> 1kg | C25: 66.5 | F25: =C25+D25+E25 -> 66.5 | H25: 34 | J25: =F25-G25-H25-I25 -> 32.5
A26: ='Company Stock '!A27 -> Pro Yucca for Fish | B26: ='Company Stock '!B27 -> 100ml | C26: 134 | F26: =C26+D26+E26 -> 134 | J26: =F26-G26-H26-I26 -> 134
A27: ='Company Stock '!A28 -> Pro Yucca for Fish | B27: ='Company Stock '!B28 -> 500ml | C27: 195 | F27: =C27+D27+E27 -> 195 | H27: 48 | I27: 3 | J27: =F27-G27-H27-I27 -> 144
A28: ='Company Stock '!A29 -> Vitafort Aqua | B28: ='Company Stock '!B29 -> 500gm | C28: 13 | F28: =C28+D28+E28 -> 13 | J28: =F28-G28-H28-I28 -> 13
A29: ='Company Stock '!A30 -> Vitazyme Aqua | B29: ='Company Stock '!B30 -> 500gm | C29: 47 | F29: =C29+D29+E29 -> 47 | J29: =F29-G29-H29-I29 -> 47
A30: ='Company Stock '!A31 -> Win C | B30: ='Company Stock '!B31 -> 100gm | F30: =C30+D30+E30 -> 0 | J30: =F30-G30-H30-I30 -> 0
A31: ='Company Stock '!A32 -> Win C | B31: ='Company Stock '!B32 -> 500gm | F31: =C31+D31+E31 -> 0 | J31: =F31-G31-H31-I31 -> 0
A32: ='Company Stock '!A33 -> Win Health | B32: ='Company Stock '!B33 -> 500ml | C32: 32 | F32: =C32+D32+E32 -> 32 | H32: 17 | J32: =F32-G32-H32-I32 -> 15
A33: ='Company Stock '!A34 -> Win Max Plus | B33: ='Company Stock '!B34 -> 50ml | C33: 91 | F33: =C33+D33+E33 -> 91 | J33: =F33-G33-H33-I33 -> 91
A34: ='Company Stock '!A35 -> Win Max Plus | B34: ='Company Stock '!B35 -> 200ml | C34: 116 | D34: 240 | F34: =C34+D34+E34 -> 356 | J34: =F34-G34-H34-I34 -> 356
A35: ='Company Stock '!A36 -> Win Pro Aqua | B35: ='Company Stock '!B36 -> 100gm | C35: 144 | F35: =C35+D35+E35 -> 144 | J35: =F35-G35-H35-I35 -> 144
A36: ='Company Stock '!A37 -> Win Pro Aqua | B36: ='Company Stock '!B37 -> 200gm | C36: 249 | F36: =C36+D36+E36 -> 249 | H36: 90 | J36: =F36-G36-H36-I36 -> 159
A37: ='Company Stock '!A38 -> Winxide Aqua | B37: ='Company Stock '!B38 -> 100ml | F37: =C37+D37+E37 -> 0 | J37: =F37-G37-H37-I37 -> 0
A38: ='Company Stock '!A39 -> Winxide Aqua | B38: ='Company Stock '!B39 -> 500ml | C38: 47 | D38: 72 | F38: =C38+D38+E38 -> 119 | J38: =F38-G38-H38-I38 -> 119
A39: Vita Fort Aqua | B39: 500gm | C39: 60 | F39: =C39+D39+E39 -> 60 | J39: =F39-G39-H39-I39 -> 60
A44: Assigned Officer | K44: Zone Incharge

Sheet Bogura
A1: WINTECH AGRO BANGLADESH
A2: House # 20, Road # 18, Sector # 14, Uttara, Dhaka-1230, Bangladesh.
A3: Monthly Zonal Product Storage & Dispose
A4: Month of April 2026 | K4: Zone : Bogura
A5: Name Of Product | B5: Pack | C5: Previous | D5: Received | E5: Return | F5: Total | G5: Transfer | H5: Sales | I5: Bonus | J5: Present | K5: Remarks
B6: Size | C6: Stock | D6: Quentity | E6: Quantity | F6: Quantity | G6: Quantity | H6: Quantity | I6: Quantity | J6: Balance
A7: ='Company Stock '!A8 -> Aqua Amla | B7: ='Company Stock '!B8 -> 100gm | C7: 249 | E7: 8 | F7: =C7+D7+E7 -> 257 | G7: 113 | H7: 1 | J7: =F7-G7-H7-I7 -> 143
A8: ='Company Stock '!A9 -> Aqua Amla | B8: ='Company Stock '!B9 -> 500gm | C8: 38 | F8: =C8+D8+E8 -> 38 | G8: 1 | J8: =F8-G8-H8-I8 -> 37
A9: ='Company Stock '!A10 -> Aqua Milk Premium | B9: ='Company Stock '!B10 -> 500gm | C9: 100 | D9: 700 | F9: =C9+D9+E9 -> 800 | H9: 348 | I9: 10 | J9: =F9-G9-H9-I9 -> 442
A10: ='Company Stock '!A11 -> Aqua Safe Plus | B10: ='Company Stock '!B11 -> 5kg | C10: 7 | D10: 24 | E10: 16 | F10: =C10+D10+E10 -> 47 | G10: 1 | H10: 22 | I10: 1 | J10: =F10-G10-H10-I10 -> 23
A11: ='Company Stock '!A12 -> Bencidal Plus | B11: ='Company Stock '!B12 -> 100ml | C11: 82 | F11: =C11+D11+E11 -> 82 | H11: 1 | J11: =F11-G11-H11-I11 -> 81
A12: ='Company Stock '!A13 -> Bencidal Plus | B12: ='Company Stock '!B13 -> 500ml | C12: 28 | F12: =C12+D12+E12 -> 28 | G12: 7 | H12: 1 | J12: =F12-G12-H12-I12 -> 20
A13: ='Company Stock '!A14 -> Bottom Light | B13: ='Company Stock '!B14 -> 100gm | C13: 168 | E13: 16 | F13: =C13+D13+E13 -> 184 | G13: 76 | H13: 28 | I13: 1 | J13: =F13-G13-H13-I13 -> 79
A14: ='Company Stock '!A15 -> Bottom Light | B14: ='Company Stock '!B15 -> 500gm | C14: 26 | E14: 3 | F14: =C14+D14+E14 -> 29 | G14: 3 | J14: =F14-G14-H14-I14 -> 26
A15: ='Company Stock '!A16 -> Brood Plus | B15: ='Company Stock '!B16 -> 500gm | C15: 34 | F15: =C15+D15+E15 -> 34 | J15: =F15-G15-H15-I15 -> 34
A16: ='Company Stock '!A17 -> Eco Fresh | B16: ='Company Stock '!B17 -> 1kg | C16: 97 | D16: 110 | F16: =C16+D16+E16 -> 207 | G16: 13 | H16: 111 | I16: 10 | J16: =F16-G16-H16-I16 -> 73
A17: ='Company Stock '!A18 -> Eco Fresh Plus | B17: ='Company Stock '!B18 -> 1kg | C17: 148 | F17: =C17+D17+E17 -> 148 | J17: =F17-G17-H17-I17 -> 148
A18: ='Company Stock '!A19 -> Energy Flow | B18: ='Company Stock '!B19 -> 500gm | C18: 102 | F18: =C18+D18+E18 -> 102 | H18: 54 | J18: =F18-G18-H18-I18 -> 48
A19: ='Company Stock '!A20 -> Enrosef | B19: ='Company Stock '!B20 -> 100ml | C19: 9 | F19: =C19+D19+E19 -> 9 | G19: 9 | J19: =F19-G19-H19-I19 -> 0
A20: ='Company Stock '!A21 -> Enrosef | B20: ='Company Stock '!B21 -> 500ml | J20: =F20-G20-H20-I20 -> 0
A21: ='Company Stock '!A22 -> Erostep | B21: ='Company Stock '!B22 -> 100gm | J21: =F21-G21-H21-I21 -> 0
A22: ='Company Stock '!A23 -> Green Vita | B22: ='Company Stock '!B23 -> 500gm | C22: 56 | D22: 60 | F22: =C22+D22+E22 -> 116 | H22: 22 | I22: 1 | J22: =F22-G22-H22-I22 -> 93
A23: ='Company Stock '!A24 -> Liver Win | B23: ='Company Stock '!B24 -> 500ml | F23: =C23+D23+E23 -> 0 | J23: =F23-G23-H23-I23 -> 0
A24: ='Company Stock '!A25 -> Oxy-win (Granular) | B24: ='Company Stock '!B25 -> 1kg | C24: 14 | F24: =C24+D24+E24 -> 14 | H24: 1 | J24: =F24-G24-H24-I24 -> 13
A25: ='Company Stock '!A26 -> Oxy-win (Tablet) | B25: ='Company Stock '!B26 -> 1kg | C25: 14 | F25: =C25+D25+E25 -> 14 | J25: =F25-G25-H25-I25 -> 14
A26: ='Company Stock '!A27 -> Pro Yucca for Fish | B26: ='Company Stock '!B27 -> 100ml | C26: 82 | F26: =C26+D26+E26 -> 82 | J26: =F26-G26-H26-I26 -> 82
A27: ='Company Stock '!A28 -> Pro Yucca for Fish | B27: ='Company Stock '!B28 -> 500ml | C27: 37 | F27: =C27+D27+E27 -> 37 | J27: =F27-G27-H27-I27 -> 37
A28: ='Company Stock '!A29 -> Vitafort Aqua | B28: ='Company Stock '!B29 -> 500gm | C28: 60 | F28: =C28+D28+E28 -> 60 | J28: =F28-G28-H28-I28 -> 60
A29: ='Company Stock '!A30 -> Vitazyme Aqua | B29: ='Company Stock '!B30 -> 500gm | C29: 47 | D29: 54 | F29: =C29+D29+E29 -> 101 | H29: 69 | I29: 3 | J29: =F29-G29-H29-I29 -> 29
A30: ='Company Stock '!A31 -> Win C | B30: ='Company Stock '!B31 -> 100gm | F30: =C30+D30+E30 -> 0 | J30: =F30-G30-H30-I30 -> 0
A31: ='Company Stock '!A32 -> Win C | B31: ='Company Stock '!B32 -> 500gm | F31: =C31+D31+E31 -> 0 | J31: =F31-G31-H31-I31 -> 0
A32: ='Company Stock '!A33 -> Win Health | B32: ='Company Stock '!B33 -> 500ml | C32: 21 | D32: 45 | F32: =C32+D32+E32 -> 66 | G32: 2 | H32: 19 | J32: =F32-G32-H32-I32 -> 45
A33: ='Company Stock '!A34 -> Win Max Plus | B33: ='Company Stock '!B34 -> 50ml | C33: 226 | F33: =C33+D33+E33 -> 226 | H33: 22 | I33: 1 | J33: =F33-G33-H33-I33 -> 203
A34: ='Company Stock '!A35 -> Win Max Plus | B34: ='Company Stock '!B35 -> 200ml | C34: 55 | F34: =C34+D34+E34 -> 55 | J34: =F34-G34-H34-I34 -> 55
A35: ='Company Stock '!A36 -> Win Pro Aqua | B35: ='Company Stock '!B36 -> 100gm | C35: 85 | F35: =C35+D35+E35 -> 85 | G35: 5 | J35: =F35-G35-H35-I35 -> 80
A36: ='Company Stock '!A37 -> Win Pro Aqua | B36: ='Company Stock '!B37 -> 200gm | C36: 50 | F36: =C36+D36+E36 -> 50 | G36: 13 | H36: 2 | J36: =F36-G36-H36-I36 -> 35
A37: ='Company Stock '!A38 -> Winxide Aqua | B37: ='Company Stock '!B38 -> 100ml | C37: 188 | E37: 20 | F37: =C37+D37+E37 -> 208 | G37: 139 | J37: =F37-G37-H37-I37 -> 69
A38: ='Company Stock '!A39 -> Winxide Aqua | B38: ='Company Stock '!B39 -> 500ml | C38: 41 | E38: 3 | F38: =C38+D38+E38 -> 44 | G38: 44 | J38: =F38-G38-H38-I38 -> 0
A44: Assigned Officer | K44: Zone Incharge

Sheet Feni 
A1: WINTECH AGRO BANGLADESH
A2: House # 20, Road # 18, Sector # 14, Uttara, Dhaka-1230, Bangladesh.
A3: Monthly Zonal Product Storage & Dispose
A4: Month of April 2026 | K4: Zone : Feni
A5: Name Of Product | B5: Pack | C5: Previous | D5: Received | E5: Return | F5: Total | G5: Transfer | H5: Sales | I5: Bonus | J5: Present | K5: Remarks
B6: Size | C6: Stock | D6: Quentity | E6: Quantity | F6: Quantity | G6: Quantity | H6: Quantity | I6: Quantity | J6: Balance
A7: ='Company Stock '!A8 -> Aqua Amla | B7: ='Company Stock '!B8 -> 100gm | C7: 0 | F7: =C7+D7+E7 -> 0 | J7: =F7-G7-H7-I7 -> 0
A8: ='Company Stock '!A9 -> Aqua Amla | B8: ='Company Stock '!B9 -> 500gm | C8: 160 | F8: =C8+D8+E8 -> 160 | J8: =F8-G8-H8-I8 -> 160
A9: ='Company Stock '!A10 -> Aqua Milk Premium | B9: ='Company Stock '!B10 -> 500gm | C9: 80 | F9: =C9+D9+E9 -> 80 | J9: =F9-G9-H9-I9 -> 80
A10: ='Company Stock '!A11 -> Aqua Safe Plus | B10: ='Company Stock '!B11 -> 5kg | C10: 40 | F10: =C10+D10+E10 -> 40 | J10: =F10-G10-H10-I10 -> 40
A11: ='Company Stock '!A12 -> Bencidal Plus | B11: ='Company Stock '!B12 -> 100ml | C11: 0 | F11: =C11+D11+E11 -> 0 | J11: =F11-G11-H11-I11 -> 0
A12: ='Company Stock '!A13 -> Bencidal Plus | B12: ='Company Stock '!B13 -> 500ml | C12: 213 | F12: =C12+D12+E12 -> 213 | H12: 30 | J12: =F12-G12-H12-I12 -> 183
A13: ='Company Stock '!A14 -> Bottom Light | B13: ='Company Stock '!B14 -> 100gm | C13: 70 | F13: =C13+D13+E13 -> 70 | J13: =F13-G13-H13-I13 -> 70
A14: ='Company Stock '!A15 -> Bottom Light | B14: ='Company Stock '!B15 -> 500gm | C14: 74 | D14: 75 | F14: =C14+D14+E14 -> 149 | H14: 15 | J14: =F14-G14-H14-I14 -> 134
A15: ='Company Stock '!A16 -> Brood Plus | B15: ='Company Stock '!B16 -> 500gm | C15: 48 | F15: =C15+D15+E15 -> 48 | J15: =F15-G15-H15-I15 -> 48
A16: ='Company Stock '!A17 -> Eco Fresh | B16: ='Company Stock '!B17 -> 1kg | C16: 35 | F16: =C16+D16+E16 -> 35 | J16: =F16-G16-H16-I16 -> 35
A17: ='Company Stock '!A18 -> Eco Fresh Plus | B17: ='Company Stock '!B18 -> 1kg | C17: 150 | D17: 300 | F17: =C17+D17+E17 -> 450 | H17: 255 | J17: =F17-G17-H17-I17 -> 195
A18: ='Company Stock '!A19 -> Energy Flow | B18: ='Company Stock '!B19 -> 500gm | C18: 96 | F18: =C18+D18+E18 -> 96 | J18: =F18-G18-H18-I18 -> 96
A19: ='Company Stock '!A20 -> Enrosef | B19: ='Company Stock '!B20 -> 100ml | C19: 0 | F19: =C19+D19+E19 -> 0 | J19: =F19-G19-H19-I19 -> 0
A20: ='Company Stock '!A21 -> Enrosef | B20: ='Company Stock '!B21 -> 500ml | C20: 0 | F20: =C20+D20+E20 -> 0 | J20: =F20-G20-H20-I20 -> 0
A21: ='Company Stock '!A22 -> Erostep | B21: ='Company Stock '!B22 -> 100gm | C21: 0 | F21: =C21+D21+E21 -> 0 | J21: =F21-G21-H21-I21 -> 0
A22: ='Company Stock '!A23 -> Green Vita | B22: ='Company Stock '!B23 -> 500gm | C22: 40 | F22: =C22+D22+E22 -> 40 | J22: =F22-G22-H22-I22 -> 40
A23: ='Company Stock '!A24 -> Liver Win | B23: ='Company Stock '!B24 -> 500ml | C23: 68 | F23: =C23+D23+E23 -> 68 | J23: =F23-G23-H23-I23 -> 68
A24: ='Company Stock '!A25 -> Oxy-win (Granular) | B24: ='Company Stock '!B25 -> 1kg | C24: 40 | F24: =C24+D24+E24 -> 40 | J24: =F24-G24-H24-I24 -> 40
A25: ='Company Stock '!A26 -> Oxy-win (Tablet) | B25: ='Company Stock '!B26 -> 1kg | C25: 50 | F25: =C25+D25+E25 -> 50 | J25: =F25-G25-H25-I25 -> 50
A26: ='Company Stock '!A27 -> Pro Yucca for Fish | B26: ='Company Stock '!B27 -> 100ml | C26: 80 | F26: =C26+D26+E26 -> 80 | J26: =F26-G26-H26-I26 -> 80
A27: ='Company Stock '!A28 -> Pro Yucca for Fish | B27: ='Company Stock '!B28 -> 500ml | C27: 14 | D27: 75 | F27: =C27+D27+E27 -> 89 | J27: =F27-G27-H27-I27 -> 89
A28: ='Company Stock '!A29 -> Vitafort Aqua | B28: ='Company Stock '!B29 -> 500gm | C28: 50 | F28: =C28+D28+E28 -> 50 | J28: =F28-G28-H28-I28 -> 50
A29: ='Company Stock '!A30 -> Vitazyme Aqua | B29: ='Company Stock '!B30 -> 500gm | C29: 44 | F29: =C29+D29+E29 -> 44 | J29: =F29-G29-H29-I29 -> 44
A30: ='Company Stock '!A31 -> Win C | B30: ='Company Stock '!B31 -> 100gm | C30: 0 | F30: =C30+D30+E30 -> 0 | J30: =F30-G30-H30-I30 -> 0
A31: ='Company Stock '!A32 -> Win C | B31: ='Company Stock '!B32 -> 500gm | C31: 0 | F31: =C31+D31+E31 -> 0 | J31: =F31-G31-H31-I31 -> 0
A32: ='Company Stock '!A33 -> Win Health | B32: ='Company Stock '!B33 -> 500ml | C32: 23 | F32: =C32+D32+E32 -> 23 | J32: =F32-G32-H32-I32 -> 23
A33: ='Company Stock '!A34 -> Win Max Plus | B33: ='Company Stock '!B34 -> 50ml | C33: 215 | F33: =C33+D33+E33 -> 215 | J33: =F33-G33-H33-I33 -> 215
A34: ='Company Stock '!A35 -> Win Max Plus | B34: ='Company Stock '!B35 -> 200ml | C34: 350 | F34: =C34+D34+E34 -> 350 | H34: 96 | J34: =F34-G34-H34-I34 -> 254
A35: ='Company Stock '!A36 -> Win Pro Aqua | B35: ='Company Stock '!B36 -> 100gm | C35: 199 | F35: =C35+D35+E35 -> 199 | J35: =F35-G35-H35-I35 -> 199
A36: ='Company Stock '!A37 -> Win Pro Aqua | B36: ='Company Stock '!B37 -> 200gm | C36: 113 | F36: =C36+D36+E36 -> 113 | J36: =F36-G36-H36-I36 -> 113
A37: ='Company Stock '!A38 -> Winxide Aqua | B37: ='Company Stock '!B38 -> 100ml | C37: 34 | D37: 56 | F37: =C37+D37+E37 -> 90 | J37: =F37-G37-H37-I37 -> 90
A38: ='Company Stock '!A39 -> Winxide Aqua | B38: ='Company Stock '!B39 -> 500ml | C38: 115 | F38: =C38+D38+E38 -> 115 | J38: =F38-G38-H38-I38 -> 115
A44: Assigned Officer | K44: Zone Incharge

Sheet Cumilla 2
A1: WINTECH AGRO BANGLADESH
A2: Goalbari, Kaundia, Mirpur Borobazar, Savar, Dhaka-1218, Bangladesh
A3: Monthly Zonal Product Storage & Dispose
A4: Month of April 2026 | K4: Zone : Cumilla - 02
A5: Name Of Product | B5: Previous Total | C5: Received | D5: Total | E5: Pack | F5: Total Product | G5: Convert | H5: Total Convert | I5: Westgate | J5: Present Balance | K5: Remarks
B6: Balance Kg/Litter | C6: Quantity Kg/Litter | D6: Quentity | E6: Size | F6: Pcs Transfer | G6: Kg/Litter | H6: Kg/Litter | I6: Kg/Litter | J6: Kg/Litter
A7: Aqua Amla | B7: 176 | D7: =B7+C7 -> 176 | E7: 100gm | H7: 100 | J7: =D7-H7-I7 -> 76
A8: Aqua Amla | E8: 500gm | F8: 200
A9: Aqua Safe Plus | B9: 2400 | D9: =B9+C9 -> 2400 | E9: 5 Kg | F9: 220 | H9: 1100 | J9: =D9-H9-I9 -> 1300
A10: Bottom Light | B10: 0 | D10: =B10+C10 -> 0 | E10: 100gm | J10: =D10-H10 -> 0
A11: Bottom Light | B11: 0 | D11: =B11+C11 -> 0 | E11: 500gm | J11: =D11-H11 -> 0
A12: Eco Fresh | B12: 480 | D12: =B12+C12 -> 480 | E12: 1 Kg | F12: 367 | H12: 367 | J12: =D12-H12 -> 113
A13: Energy Flow | B13: 1340 | D13: =B13+C13 -> 1340 | E13: 500gm | F13: 480 | H13: 240 | J13: =D13-H13-I13 -> 1100
A14: Green Vita | B14: 303.5 | D14: =B14+C14 -> 303.5 | E14: 500gm | F14: 260 | H14: 130 | J14: =D14-H14 -> 173.5
A15: Winxide Aqua | B15: 34.9 | D15: =B15+C15 -> 34.9 | E15: 100ml | J15: =D15-H15 -> 34.9
A16: Winxide Aqua | E16: 500ml
A17: Win Max Plus | B17: 565.1 | D17: =B17+C17 -> 565.1 | E17: 50ml | F17: 1000 | G17: 50 | H17: 184.4 | J17: =D17-H17-I17 -> 380.7
A18: Win Max Plus | E18: 200ml | F18: 672 | G18: 134.4
A19: Enrosef | B19: 0 | D19: =B19+C19 -> 0 | E19: 100ml | J19: =D19-H19 -> 0
A20: Enrosef | E20: 500ml
A21: Erostep | B21: 0 | D21: =B21+C21 -> 0 | E21: 100gm | J21: =D21-H21 -> 0
A25: Assigned Officer | K25: Zone Incharge
