Workbook

Sheet Zonal Sales Summary 
A1: WINTECH AGRO BANGLADESH
A2: Total Sales Summary of The Company
A3: Month of Jan, Feb, Mar & April - 2026
A5: Area | B5: Target | C5: Previous Dues | D5: Total Sales | E5: Rtd. Goods | F5: Net Sales | G5: Commission | H5: Collection | I5: Bad Debt | J5: Total Dues | K5: Target | L5: Sales (%)
K6: Achievement(%) | L6: (Zonewise)
A7: Mymen-1 | B7: ='Magpie-1'!B20 -> 1850000 | C7: 485235 | D7: ='Magpie-1'!D20 -> 1711552 | E7: ='Magpie-1'!E20 -> 20030 | F7: ='Magpie-1'!F20 -> 1691522 | G7: ='Magpie-1'!G20 -> 101710 | H7: ='Magpie-1'!H20 -> 790000 | I7: ='Magpie-1'!I20 -> 0 | J7: ='Magpie-1'!J10 -> 934340 | K7: =F7*100/B7 -> 91.433622 | L7: =F7*100/F20 -> 14.501413
A8: Fulbaria | B8: ='Magpie-2'!B20 -> 1200000 | C8: 685111 | D8: ='Magpie-2'!D20 -> 1300912 | E8: ='Magpie-2'!E20 -> 0 | F8: ='Magpie-2'!F20 -> 1300912 | G8: ='Magpie-2'!G20 -> 68490 | H8: ='Magpie-2'!H20 -> 1028330 | I8: ='Magpie-2'!I20 -> 0 | J8: ='Magpie-2'!J10 -> 864451 | K8: =F8*100/B8 -> 108.40933 | L8: =F8*100/F20 -> 11.152715
A9: Muktagasa | B9: ='Magpie-3'!B20 -> 1200000 | C9: 897360 | D9: ='Magpie-3'!D20 -> 484830 | E9: ='Magpie-3'!E20 -> 24167 | F9: ='Magpie-3'!F20 -> 460663 | G9: ='Magpie-3'!G20 -> 63875 | H9: ='Magpie-3'!H20 -> 444920 | I9: ='Magpie-3'!I20 -> 65195 | J9: ='Magpie-3'!J10 -> 811783 | K9: =F9*100/B9 -> 38.388583 | L9: =F9*100/F20 -> 3.9492626
A10: Tarakanda | B10: ='Magpie-4'!B20 -> 1200000 | C10: 54255 | D10: ='Magpie-4'!D20 -> 383335 | E10: ='Magpie-4'!E20 -> 66639 | F10: ='Magpie-4'!F20 -> 316696 | G10: ='Magpie-4'!G20 -> 805 | H10: ='Magpie-4'!H20 -> 112270 | I10: ='Magpie-4'!I20 -> 0 | J10: ='Magpie-4'!J10 -> 296145 | K10: =F10*100/B10 -> 26.391333 | L10: =F10*100/F20 -> 2.7150339
A11: Comilla-1 | B11: ='Kingfisher-1'!B20 -> 2850000 | C11: 1486841 | D11: ='Kingfisher-1'!D20 -> 3080531 | E11: ='Kingfisher-1'!E20 -> 29745 | F11: ='Kingfisher-1'!F20 -> 3050786 | G11: ='Kingfisher-1'!G20 -> 78625 | H11: ='Kingfisher-1'!H20 -> 2149165 | I11: ='Kingfisher-1'!I20 -> 0 | J11: ='Kingfisher-1'!J10 -> 1996280 | K11: =F11*100/B11 -> 107.04512 | L11: =F11*100/F20 -> 26.15438
A12: Comilla-2 | B12: ='Kingfisher- 2'!B20 -> 1150000 | C12: 922695 | D12: ='Kingfisher- 2'!D20 -> 209760 | E12: ='Kingfisher- 2'!E20 -> 46635 | F12: ='Kingfisher- 2'!F20 -> 163125 | G12: ='Kingfisher- 2'!G20 -> 14365 | H12: ='Kingfisher- 2'!H20 -> 155510 | I12: ='Kingfisher- 2'!I20 -> 0 | J12: ='Kingfisher- 2'!J10 -> 905295 | K12: =F12*100/B12 -> 14.184783 | L12: =F12*100/F20 -> 1.3984702
A13: Comilla-3 | B13: ='Kingfisher-3'!B20 -> 1200000 | C13: 553409 | D13: ='Kingfisher-3'!D20 -> 300760 | E13: ='Kingfisher-3'!E20 -> 4790 | F13: ='Kingfisher-3'!F20 -> 295970 | G13: ='Kingfisher-3'!G20 -> 4670 | H13: ='Kingfisher-3'!H20 -> 305630 | I13: ='Kingfisher-3'!I20 -> 0 | J13: ='Kingfisher-3'!J10 -> 534369 | K13: =F13*100/B13 -> 24.664167 | L13: =F13*100/F20 -> 2.53735
A14: Comilla-4H | B14: ='Kingfisher-4'!B20 -> 1550000 | C14: 462829 | D14: ='Kingfisher-4'!D20 -> 633370 | E14: ='Kingfisher-4'!E20 -> 0 | F14: ='Kingfisher-4'!F20 -> 633370 | G14: ='Kingfisher-4'!G20 -> 10556 | H14: ='Kingfisher-4'!H20 -> 534890 | I14: ='Kingfisher-4'!I20 -> 0 | J14: ='Kingfisher-4'!J10 -> 497149 | K14: =F14*100/B14 -> 40.862581 | L14: =F14*100/F20 -> 5.4298792
A15: Feni | B15: =Feni!B20 -> 1300000 | C15: 1131672 | D15: =Feni!D20 -> 1138020 | E15: =Feni!E20 -> 0 | F15: =Feni!F20 -> 1138020 | G15: =Feni!G20 -> 184048 | H15: =Feni!H20 -> 616400 | I15: =Feni!I20 -> 0 | J15: =Feni!J10 -> 1482533 | K15: =F15*100/B15 -> 87.54 | L15: =F15*100/F20 -> 9.7562423
A16: Bogura | B16: ='Bogra 1'!B20 -> 1200000 | C16: 27165 | D16: ='Bogra 1'!D20 -> 275250 | E16: ='Bogra 1'!E20 -> 63687 | F16: ='Bogra 1'!F20 -> 211563 | G16: ='Bogra 1'!G20 -> 98378 | H16: ='Bogra 1'!H20 -> 439500 | I16: ='Bogra 1'!I20 -> 0 | J16: ='Bogra 1'!J10 -> 585063 | K16: =F16*100/B16 -> 17.63025 | L16: =F16*100/F20 -> 1.813729
A17: Bogura 2 | B17: ='Bogra 2'!B20 -> 1200000 | C17: 943644 | D17: ='Bogra 2'!D20 -> 581945 | E17: ='Bogra 2'!E20 -> 6565 | F17: ='Bogra 2'!F20 -> 575380 | G17: ='Bogra 2'!G20 -> 24506 | H17: ='Bogra 2'!H20 -> 328850 | I17: ='Bogra 2'!I20 -> 0 | J17: ='Bogra 2'!J10 -> 185529 | K17: =F17*100/B17 -> 47.948333 | L17: =F17*100/F20 -> 4.9327311
A18: Jessore 2 | B18: =Bakra!B20 -> 1300000 | C18: 2762236 | D18: =Bakra!D20 -> 1331600 | E18: =Bakra!E20 -> 137170 | F18: =Bakra!F20 -> 1194430 | G18: =Bakra!G20 -> 59220 | H18: =Bakra!H20 -> 1232850 | I18: =Bakra!I20 -> 0 | J18: =Bakra!J10 -> 2450404 | K18: =F18*100/B18 -> 91.879231 | L18: =F18*100/F20 -> 10.239845
A19: Phulpur | B19: =Fulpur!B20 -> 1175000 | C19: 457634 | D19: =Fulpur!D20 -> 651310 | E19: =Fulpur!E20 -> 19215 | F19: =Fulpur!F20 -> 632095 | G19: =Fulpur!G20 -> 24600 | H19: =Fulpur!H20 -> 313500 | I19: =Fulpur!I20 -> 0 | J19: =Fulpur!J10 -> 588134 | K19: =F19*100/B19 -> 53.795319 | L19: =F19*100/F20 -> 5.4189487
A20: Total- | B20: =SUM(B7:B19) -> 18375000 | C20: =SUM(C7:C19) -> 10870086 | D20: =SUM(D7:D19) -> 12083175 | E20: =SUM(E7:E19) -> 418643 | F20: =SUM(F7:F19) -> 11664532 | G20: =SUM(G7:G19) -> 733848 | H20: =SUM(H7:H19) -> 8451815 | I20: =SUM(I7:I19) -> 65195 | J20: =SUM(J7:J19) -> 12131475 | K20: =F20*100/B20 -> 63.480446 | L20: =SUM(L7:L19) -> 100
A26: Accounts Dept. | F26: Checked by | K26: Manager Sales

Sheet Magpie-1
A1: WINTECH AGRO BANGLADESH
A2: Reg. Address: Goalbari, Kaundia, Mirpur Bazar, Savar, Dhaka-1218.
A3: Total Sales Summary of Mymensingh (Magpie)-1
A4: Month of January to December -2026
J5: Assigned Officer : Mr. Abu Sayed
A6: Area | B6: Target | C6: Previous Dues | D6: Total Sales | E6: Rtd. Goods | F6: Net Sales | G6: Commission | H6: Collection | I6: Bad Debt | J6: Total Dues | K6: Target | L6: Sales (%)
K7: Achievement(%) | L7: (Zonewise)
A8: January | B8: 300000 | C8: 485235 | D8: 324660 | E8: 0 | F8: =D8-E8 -> 324660 | G8: 92260 | H8: 168000 | J8: =C8+D8-E8-G8-H8-I8 -> 549635 | K8: =F8*100/B8 -> 108.22 | L8: =F8*100/F20 -> 19.193366
A9: February | B9: 400000 | C9: 549635 | D9: 349430 | E9: 5900 | F9: =D9-E9 -> 343530 | G9: 0 | H9: 67000 | J9: =C9+D9-E9-G9-H9-I9 -> 826165 | K9: =F9*100/B9 -> 85.8825 | L9: =F9*100/F20 -> 20.308929
A10: March | B10: 350000 | C10: 826165 | D10: 316655 | E10: 3480 | F10: =D10-E10 -> 313175 | G10: 0 | H10: 205000 | J10: =C10+D10-E10-G10-H10-I10 -> 934340 | K10: =F10*100/B10 -> 89.478571 | L10: =F10*100/F20 -> 18.514391
A11: April | B11: 450000 | C11: 934340 | D11: 415167 | E11: 4200 | F11: =D11-E11 -> 410967 | G11: 4420 | H11: 186000 | J11: =C11+D11-E11-G11-H11-I11 -> 1154887 | K11: =F11*100/B11 -> 91.326 | L11: =100*F11/F20 -> 24.295693
A12: May | B12: 350000 | C12: 1154887 | D12: 305640 | E12: 6450 | F12: =D12-E12 -> 299190 | G12: 5030 | H12: 164000 | J12: =C12+D12-E12-G12-H12-I12 -> 1285047 | K12: =F12*100/B12 -> 85.482857 | L12: =F12*100/F20 -> 17.687621
A13: June | F13: =D13-E13 -> 0 | J13: =C13+D13-E13-G13-H13-I13 -> 0 | K13: =F13*100/B13 -> #DIV/0! | L13: =100*F13/F20 -> 0
A14: July | F14: =D14-E14 -> 0 | J14: =C14+D14-E14-G14-H14-I14 -> 0 | K14: =F14*100/B14 -> #DIV/0! | L14: =100*F14/F20 -> 0
A15: August | F15: =D15-E15 -> 0 | J15: =C15+D15-E15-G15-H15-I15 -> 0 | K15: =F15*100/B15 -> #DIV/0! | L15: =F15*100/F20 -> 0
A16: September | F16: =D16-E16 -> 0 | J16: =C16+D16-E16-G16-H16-I16 -> 0 | K16: =F16*100/B16 -> #DIV/0! | L16: =F16*100/F20 -> 0
A17: October | F17: =D17-E17 -> 0 | J17: =C17+D17-E17-G17-H17 -> 0 | K17: =F17*100/B17 -> #DIV/0! | L17: =F17*100/F20 -> 0
A18: November | F18: =D18-E18 -> 0 | J18: =C18+D18-E18-G18-H18 -> 0 | K18: =F18*100/B18 -> #DIV/0! | L18: =F18*100/F20 -> 0
A19: December | F19: =D19-E19 -> 0 | J19: =C19+D19-E19-G19-H19 -> 0 | K19: =F19*100/B19 -> #DIV/0! | L19: =F19*100/F20 -> 0
A20: Total- | B20: =SUM(B8:B19) -> 1850000 | C20: =C8 -> 485235 | D20: =SUM(D8:D19) -> 1711552 | E20: =SUM(E8:E19) -> 20030 | F20: =SUM(F8:F19) -> 1691522 | G20: =SUM(G8:G19) -> 101710 | H20: =SUM(H8:H19) -> 790000 | J20: =J12 -> 1285047 | K20: =(K8+K9+K10+K11+K12)/5 -> 92.077986
A22: Monthly Average Sales : | D22: =F20/5 -> 338304.4
A23: Monthly Average target : | D23: =B20/5 -> 370000
A24: Monthly Average Collection : | D24: =H20/5 -> 158000
A25: Target Achievment : | D25: 0.9208
A26: Market Dues :
J27: Operation Sales
J28: Wintech Agro Bangladesh

Sheet Magpie-2
A1: WINTECH AGRO BANGLADESH
A2: Reg. Address: Goalbari, Kaundia, Mirpur Bazar, Savar, Dhaka-1218.
A3: Total Sales Summary of Fulbaria zone (Magpie)-2
A4: Month of January to December -2026
I5: Assigned Officer: Mr. Shaiem Akando
A6: Area | B6: Target | C6: Previous Dues | D6: Total Sales | E6: Rtd. Goods | F6: Net Sales | G6: Commission | H6: Collection | I6: Bad Debt | J6: Total Dues | K6: Target | L6: Sales (%)
K7: Achievement(%) | L7: (Zonewise)
A8: January | B8: 150000 | C8: 685111 | D8: 140635 | E8: 0 | F8: =D8-E8 -> 140635 | G8: 430 | H8: 99150 | I8: 0 | J8: =C8+D8-E8-G8-H8-I8 -> 726166 | K8: =F8*100/B8 -> 93.756667 | L8: =F8*100/F20 -> 10.810493
A9: February | B9: 250000 | C9: 726166 | D9: 257380 | F9: =D9-E9 -> 257380 | G9: 15150 | H9: 164340 | I9: 0 | J9: =C9+D9-E9-G9-H9-I9 -> 804056 | K9: =F9*100/B9 -> 102.952 | L9: =F9*100/F20 -> 19.784582
A10: March | B10: 250000 | C10: 804056 | D10: 321745 | F10: =D10-E10 -> 321745 | G10: 570 | H10: 260780 | I10: 0 | J10: =C10+D10-E10-G10-H10-I10 -> 864451 | K10: =F10*100/B10 -> 128.698 | L10: =F10*100/F20 -> 24.732265
A11: April | B11: 275000 | C11: 864451 | D11: 268322 | E11: 0 | F11: =D11-E11 -> 268322 | G11: 20670 | H11: 218930 | I11: 0 | J11: =C11+D11-E11-G11-H11-I11 -> 893173 | K11: =F11*100/B11 -> 97.571636 | L11: =F11*100/F20 -> 20.625684
A12: May | B12: 275000 | C12: 893173 | D12: 312830 | F12: =D12-E12 -> 312830 | G12: 31670 | H12: 285130 | J12: =C12+D12-E12-G12-H12-I12 -> 889203 | K12: =F12*100/B12 -> 113.75636 | L12: =F12*100/F20 -> 24.046976
A13: June | F13: =D13-E13 -> 0 | J13: =C13+D13-E13-G13-H13-I13 -> 0 | K13: =F13*100/B13 -> #DIV/0! | L13: =F13*100/F20 -> 0
A14: July | F14: =D14-E14 -> 0 | J14: =C14+D14-E14-G14-H14-I14 -> 0 | K14: =F14*100/B14 -> #DIV/0! | L14: =F14*100/F20 -> 0
A15: August | F15: =D15-E15 -> 0 | J15: =C15+D15-E15-G15-H15-I15 -> 0 | K15: =F15*100/B15 -> #DIV/0! | L15: =F15*100/F20 -> 0
A16: September | F16: =D16-E16 -> 0 | J16: =C16+D16-E16-G16-H16-I16 -> 0 | K16: =F16*100/B16 -> #DIV/0! | L16: =F16*100/F20 -> 0
A17: October | F17: =D17-E17 -> 0 | J17: =C17+D17-E17-G17-H17-I17 -> 0 | K17: =F17*100/B17 -> #DIV/0! | L17: =F17*100/F20 -> 0
A18: November | F18: =D18-E18 -> 0 | J18: =C18+D18-E18-G18-H18-I18 -> 0 | K18: =F18*100/B18 -> #DIV/0! | L18: =F18*100/F20 -> 0
A19: December | F19: =D19-E19 -> 0 | J19: =C19+D19-E19-G19-H19-I19 -> 0 | K19: =F19*100/B19 -> #DIV/0! | L19: =F19*100/F20 -> 0
A20: Total- | B20: =SUM(B8:B19) -> 1200000 | C20: =C8 -> 685111 | D20: =SUM(D8:D19) -> 1300912 | E20: =SUM(E8:E19) -> 0 | F20: =SUM(F8:F19) -> 1300912 | G20: =SUM(G8:G19) -> 68490 | H20: =SUM(H8:H19) -> 1028330 | I20: =SUM(I8:I19) -> 0 | J20: =J12 -> 889203 | K20: =(K8+K9+K10+K11+K12)/5 -> 107.34693
A22: Monthly Average Sales : | D22: =F20/5 -> 260182.4
A23: Monthly Average target : | D23: =B20/5 -> 240000
A24: Monthly Average Collection : | D24: =H20/5 -> 205666
A25: Target Achievment : | D25: 1.0735
A26: Market Dues :
J28: Operation Sales
J29: Wintech Agro Bangladesh

Sheet Magpie-3
A1: WINTECH AGRO BANGLADESH
A2: Reg. Address: Goalbari, Kaundia, Mirpur Bazar, Savar, Dhaka-1218.
A3: Total Sales Summary of Muktagasa zone (Magpie)-3
A4: Month of January to December -2026
I5: Assigned Officer : Mr.
A6: Area | B6: Target | C6: Previous Dues | D6: Total Sales | E6: Rtd. Goods | F6: Net Sales | G6: Commission | H6: Collection | I6: Bad Debt | J6: Total Dues | K6: Target | L6: Sales (%)
K7: Achievement(%) | L7: (Zonewise)
A8: January | B8: 175000 | C8: 874460 | D8: 0 | E8: 21157 | F8: =D8-E8 -> -21157 | G8: 13110 | H8: 60500 | I8: 65195 | J8: =C8+D8-E8-G8-H8-I8 -> 714498 | K8: =F8*100/B8 -> -12.089714 | L8: =F8*100/F20 -> -4.5927283
A9: February | B9: 250000 | C9: 714498 | D9: 133580 | E9: 1560 | F9: =D9-E9 -> 132020 | G9: 5110 | H9: 16400 | I9: 0 | J9: =C9+D9-E9-G9-H9-I9 -> 825008 | K9: =F9*100/B9 -> 52.808 | L9: =F9*100/F20 -> 28.658694
A10: March | B10: 250000 | C10: 825008 | D10: 147450 | E10: 0 | F10: =D10-E10 -> 147450 | G10: 45655 | H10: 115020 | I10: 0 | J10: =C10+D10-E10-G10-H10-I10 -> 811783 | K10: =F10*100/B10 -> 58.98 | L10: =F10*100/F20 -> 32.008214
A11: April | B11: 275000 | C11: 811783 | D11: 0 | E11: 0 | F11: =D11-E11 -> 0 | G11: 0 | H11: 0 | I11: 0 | J11: =C11+D11-E11-G11-H11-I11 -> 811783 | K11: =F11*100/B11 -> 0 | L11: =F11*100/F20 -> 0
A12: May | B12: 250000 | C12: 1002344 | D12: 203800 | E12: 1450 | F12: =D12-E12 -> 202350 | G12: 0 | H12: 253000 | J12: =C12+D12-E12-G12-H12-I12 -> 951694 | K12: =F12*100/B12 -> 80.94 | L12: =F12*100/F20 -> 43.92582
A13: June | F13: =D13-E13 -> 0 | J13: =C13+D13-E13-G13-H13-I13 -> 0 | K13: =F13*100/B13 -> #DIV/0! | L13: =F13*100/F20 -> 0
A14: July | F14: =D14-E14 -> 0 | J14: =C14+D14-E14-G14-H14-I14 -> 0 | K14: =F14*100/B14 -> #DIV/0! | L14: =F14*100/F20 -> 0
A15: August | F15: =D15-E15 -> 0 | J15: =C15+D15-E15-G15-H15-I15 -> 0 | K15: =F15*100/B15 -> #DIV/0! | L15: =F15*100/F20 -> 0
A16: September | F16: =D16-E16 -> 0 | J16: =C16+D16-E16-G16-H16-I16 -> 0 | K16: =F16*100/B16 -> #DIV/0! | L16: =F16*100/F20 -> 0
A17: October | F17: =D17-E17 -> 0 | J17: =C17+D17-E17-G17-H17-I17 -> 0 | K17: =F17*100/B17 -> #DIV/0! | L17: =F17*100/F20 -> 0
A18: November | F18: =D18-E18 -> 0 | J18: =C18+D18-E18-G18-H18-I18 -> 0 | K18: =F18*100/B18 -> #DIV/0! | L18: =F18*100/F20 -> 0
A19: December | F19: =D19-E19 -> 0 | J19: =C19+D19-E19-G19-H19-I19 -> 0 | K19: =F19*100/B19 -> #DIV/0! | L19: =F19*100/F20 -> 0
A20: Total- | B20: =SUM(B8:B19) -> 1200000 | C20: =C8 -> 874460 | D20: =SUM(D8:D19) -> 484830 | E20: =SUM(E8:E19) -> 24167 | F20: =SUM(F8:F19) -> 460663 | G20: =SUM(G8:G19) -> 63875 | H20: =SUM(H8:H19) -> 444920 | I20: =SUM(I8:I19) -> 65195 | J20: =J12 -> 951694 | K20: =(K8+K9+K10+K11+K12)/5 -> 36.127657
A22: Monthly Average Sales : | C22: =F20/5 -> 92132.6
A23: Monthly Average target : | C23: =B20/5 -> 240000
A24: Monthly Average Collection : | C24: =H20/5 -> 88984
A25: Target Achievment : | C25: 36.12
A26: Market Dues :
J29: Operation Sales
J30: Wintech Agro Bangladesh

Sheet Magpie-4
A1: WINTECH AGRO BANGLADESH
A2: Reg. Address: Goalbari, Kaundia, Mirpur Bazar, Savar, Dhaka-1218.
A3: Total Sales Summary of Tarakanda zone (Magpie)-4
A4: Month of January to December -2026
I5: Assigned Officer: Mr. Nazrul Hoque
A6: Month | B6: Target | C6: Previous | D6: Total Sales | E6: Rtd. | F6: Net Sales | G6: Commission | H6: Collection | I6: Bad Debt | J6: Total Dues | K6: Target | L6: Sales (%)
A7: Name | C7: Dues | E7: Goods | K7: Achievement(%) | L7: (Zonewise)
A8: January | B8: 150000 | C8: 54255 | D8: 52265 | E8: 0 | F8: =D8-E8 -> 52265 | G8: 505 | H8: 15000 | I8: 0 | J8: =C8+D8-E8-G8-H8-I8 -> 91015 | K8: =F8*100/B8 -> 34.843333 | L8: =F8*100/F20 -> 16.503208
A9: February | B9: 250000 | C9: 91015 | D9: 175370 | F9: =D9-E9 -> 175370 | G9: 0 | H9: 31120 | I9: 0 | J9: =C9+D9-E9-G9-H9-I9 -> 235265 | K9: =F9*100/B9 -> 70.148 | L9: =F9*100/F20 -> 55.374871
A10: March | B10: 250000 | C10: 235265 | D10: 103730 | F10: =D10-E10 -> 103730 | H10: 42850 | I10: 0 | J10: =C10+D10-E10-G10-H10-I10 -> 296145 | K10: =F10*100/B10 -> 41.492 | L10: =F10*100/F20 -> 32.753808
A11: April | B11: 275000 | C11: 276075 | D11: 14400 | E11: 0 | F11: =D11-E11 -> 14400 | G11: 300 | H11: 18300 | I11: 0 | J11: =C11+D11-E11-G11-H11-I11 -> 271875 | K11: =F11*100/B11 -> 5.2363636 | L11: =F11*100/F20 -> 4.5469472
A12: May | B12: 275000 | C12: 271875 | D12: 37570 | E12: 66639 | F12: =D12-E12 -> -29069 | H12: 5000 | J12: =C12+D12-E12-G12-H12-I12 -> 237806 | K12: =F12*100/B12 -> -10.570545 | L12: =F12*100/F20 -> -9.178834
A13: June | F13: =D13-E13 -> 0 | J13: =C13+D13-E13-G13-H13-I13 -> 0 | K13: =F13*100/B13 -> #DIV/0! | L13: =F13*100/F20 -> 0
A14: July | F14: =D14-E14 -> 0 | J14: =C14+D14-E14-G14-H14-I14 -> 0 | K14: =F14*100/B14 -> #DIV/0! | L14: =F14*100/F20 -> 0
A15: August | F15: =D15-E15 -> 0 | J15: =C15+D15-E15-G15-H15-I15 -> 0 | K15: =F15*100/B15 -> #DIV/0! | L15: =F15*100/F20 -> 0
A16: September | F16: =D16-E16 -> 0 | J16: =C16+D16-E16-G16-H16-I16 -> 0 | K16: =F16*100/B16 -> #DIV/0! | L16: =F16*100/F20 -> 0
A17: October | F17: =D17-E17 -> 0 | J17: =C17+D17-E17-G17-H17-I17 -> 0 | K17: =F17*100/B17 -> #DIV/0! | L17: =F17*100/F20 -> 0
A18: November | F18: =D18-E18 -> 0 | J18: =C18+D18-E18-G18-H18-I18 -> 0 | K18: =F18*100/B18 -> #DIV/0! | L18: =F18*100/F20 -> 0
A19: December | F19: =D19-E19 -> 0 | J19: =C19+D19-E19-G19-H19-I19 -> 0 | K19: =F19*100/B19 -> #DIV/0! | L19: =F19*100/F20 -> 0
A20: Total- | B20: =SUM(B8:B19) -> 1200000 | C20: =C8 -> 54255 | D20: =SUM(D8:D19) -> 383335 | E20: =SUM(E8:E19) -> 66639 | F20: =SUM(F8:F19) -> 316696 | G20: =SUM(G8:G19) -> 805 | H20: =SUM(H8:H19) -> 112270 | I20: =SUM(I8:I19) -> 0 | J20: =J12 -> 237806 | K20: =(K8+K9+K10+K11+K12)/5 -> 28.22983
A22: Monthly Average Sales : | D22: =F20/5 -> 63339.2
A23: Monthly Average target : | D23: =B20/5 -> 240000
A24: Monthly Average Collection : | D24: =H20/5 -> 22454
A25: Target Achievment : | D25: 0.2823
A26: Market Dues :
J28: Operation Sales
J29: Wintech Agro Bangladesh

Sheet Kingfisher-1
A1: WINTECH AGRO BANGLADESH
A2: Reg. Address: Goalbari, Kaundia, Mirpur Bazar, Savar, Dhaka-1218.
A3: Total Sales Summary of Cumilla zone (Kingfisher)-1
A4: Month of January to December -2026
I5: Assigned Officer: Mr. Asraful Islam
A6: Area | B6: Target | C6: Previous Dues | D6: Total Sales | E6: Rtd. Goods | F6: Net Sales | G6: Commission | H6: Collection | I6: Bad Debt | J6: Total Dues | K6: Target | L6: Sales (%)
K7: Achievement(%) | L7: (Zonewise)
A8: January | B8: 500000 | C8: 1486841 | D8: 908926 | E8: 3210 | F8: =D8-E8 -> 905716 | G8: 18188 | H8: 498280 | I8: 0 | J8: =C8+D8-E8-G8-H8-I8 -> 1876089 | K8: =F8*100/B8 -> 181.1432 | L8: =F8*100/F20 -> 29.687956
A9: February | B9: 600000 | C9: 1876089 | D9: 412535 | E9: 0 | F9: =D9-E9 -> 412535 | G9: 3793 | H9: 413100 | I9: 0 | J9: =C9+D9-E9-G9-H9 -> 1871731 | K9: =F9*100/B9 -> 68.755833 | L9: =F9*100/F20 -> 13.522253
A10: March | B10: 550000 | C10: 1871731 | D10: 485325 | E10: 21750 | F10: =D10-E10 -> 463575 | G10: 1686 | H10: 337340 | I10: 0 | J10: =C10+D10-E10-G10-H10 -> 1996280 | K10: =F10*100/B10 -> 84.286364 | L10: =F10*100/F20 -> 15.195264
A11: April | B11: 650000 | C11: 1996280 | D11: 676430 | E11: 4785 | F11: =D11-E11 -> 671645 | G11: 52446 | H11: 466245 | I11: 0 | J11: =C11+D11-E11-G11-H11 -> 2149234 | K11: =F11*100/B11 -> 103.33 | L11: =F11*100/F20 -> 22.015474
A12: May | B12: 550000 | C12: 2149234 | D12: 597315 | F12: =D12-E12 -> 597315 | G12: 2512 | H12: 434200 | I12: 0 | J12: =C12+D12-E12-G12-H12 -> 2309837 | K12: =F12*100/B12 -> 108.60273 | L12: =F12*100/F20 -> 19.579053
A13: June | F13: =D13-E13 -> 0 | J13: =C13+D13-E13-G13-H13 -> 0 | K13: =F13*100/B13 -> #DIV/0! | L13: =F13*100/F20 -> 0
A14: July | F14: =D14-E14 -> 0 | J14: =C14+D14-E14-G14-H14 -> 0 | K14: =F14*100/B14 -> #DIV/0! | L14: =F14*100/F20 -> 0
A15: August | F15: =D15-E15 -> 0 | J15: =C15+D15-E15-G15-H15-I15 -> 0 | K15: =F15*100/B15 -> #DIV/0! | L15: =F15*100/F20 -> 0
A16: September | F16: =D16-E16 -> 0 | J16: =C16+D16-E16-G16-H16-I16 -> 0 | K16: =F16*100/B16 -> #DIV/0! | L16: =F16*100/F20 -> 0
A17: October | F17: =D17-E17 -> 0 | J17: =C17+D17-E17-G17-H17-I17 -> 0 | K17: =F17*100/B17 -> #DIV/0! | L17: =F17*100/F20 -> 0
A18: November | F18: =D18-E18 -> 0 | J18: =C18+D18-E18-G18-H18-I18 -> 0 | K18: =F18*100/B18 -> #DIV/0! | L18: =F18*100/F20 -> 0
A19: December | F19: =D19-E19 -> 0 | J19: =C19+D19-E19-G19-H19-I19 -> 0 | K19: =F19*100/B19 -> #DIV/0! | L19: =F19*100/F20 -> 0
A20: Total- | B20: =SUM(B8:B19) -> 2850000 | C20: =C8 -> 1486841 | D20: =SUM(D8:D19) -> 3080531 | E20: =SUM(E8:E19) -> 29745 | F20: =SUM(F8:F19) -> 3050786 | G20: =SUM(G8:G19) -> 78625 | H20: =SUM(H8:H19) -> 2149165 | I20: =SUM(I8:I19) -> 0 | J20: =J12 -> 2309837 | K20: =F20*100/B20 -> 107.04512 | L20: =SUM(L8:L19)/5 -> 20
A22: Monthly Average Sales : | D22: =F20/5 -> 610157.2
A23: Monthly Average target : | D23: =B20/5 -> 570000
A24: Monthly Average Collection : | D24: =H20/5 -> 429833
A25: Target Achievment : | D25: 1.0705
A26: Market Dues :
J27: Operation Sales
J28: Wintech Agro Bangladesh

Sheet Kingfisher- 2
A1: WINTECH AGRO BANGLADESH
A2: Reg. Address: Goalbari, Kaundia, Mirpur Bazar, Savar, Dhaka-1218.
A3: Total Sales Summary of Cumilla zone (Kingfisher)-2
A4: Month of January to December -2026
J5: Assigned Officer: Mr.
A6: Area | B6: Target | C6: Previous Dues | D6: Total Sales | E6: Rtd. Goods | F6: Net Sales | G6: Commission | H6: Collection | I6: Bad Debt | J6: Total Dues | K6: Target | L6: Sales (%)
K7: Achievement(%) | L7: (Zonewise)
A8: January | B8: 150000 | C8: 922695 | D8: 0 | E8: 2100 | F8: =D8-E8 -> -2100 | G8: 300 | H8: 7000 | I8: 0 | J8: =C8+D8-E8-G8-H8-I8 -> 913295 | K8: =F8*100/B8 -> -1.4 | L8: =100*F8/F20 -> -1.2873563
A9: February | B9: 275000 | C9: 913295 | D9: 0 | F9: =D9-E9 -> 0 | H9: 10000 | I9: 0 | J9: =C9+D9-E9-G9-H9-I9 -> 903295 | K9: =F9*100/B9 -> 0 | L9: =100*F9/F20 -> 0
A10: March | B10: 200000 | C10: 920395 | D10: 25200 | F10: =D10-E10 -> 25200 | H10: 40300 | J10: =C10+D10-E10-G10-H10-I10 -> 905295 | K10: =F10*100/B10 -> 12.6 | L10: =100*F10/F20 -> 15.448276
A11: April | B11: 275000 | C11: 905295 | D11: 146340 | E11: 44535 | F11: =D11-E11 -> 101805 | G11: 13165 | H11: 67510 | I11: 0 | J11: =C11+D11-E11-G11-H11-I11 -> 926425 | K11: =F11*100/B11 -> 37.02 | L11: =100*F11/F20 -> 62.409195
A12: May | B12: 250000 | C12: 926425 | D12: 38220 | F12: =D12-E12 -> 38220 | G12: 900 | H12: 30700 | J12: =C12+D12-E12-G12-H12-I12 -> 933045 | K12: =F12*100/B12 -> 15.288 | L12: =100*F12/F20 -> 23.429885
A13: June | F13: =D13-E13 -> 0 | J13: =C13+D13-E13-G13-H13-I13 -> 0 | K13: =F13*100/B13 -> #DIV/0! | L13: =100*F13/F20 -> 0
A14: July | F14: =D14-E14 -> 0 | J14: =C14+D14-E14-G14-H14-I14 -> 0 | K14: =F14*100/B14 -> #DIV/0! | L14: =100*F14/F20 -> 0
A15: August | F15: =D15-E15 -> 0 | J15: =C15+D15-E15-G15-H15-I15 -> 0 | K15: =F15*100/B15 -> #DIV/0! | L15: =100*F15/F20 -> 0
A16: September | F16: =D16-E16 -> 0 | J16: =C16+D16-E16-G16-H16-I16 -> 0 | K16: =F16*100/B16 -> #DIV/0! | L16: =100*F16/F20 -> 0
A17: October | F17: =D17-E17 -> 0 | J17: =C17+D17-E17-G17-H17-I17 -> 0 | K17: =F17*100/B17 -> #DIV/0! | L17: =100*F17/F20 -> 0
A18: November | F18: =D18-E18 -> 0 | J18: =C18+D18-E18-G18-H18-I18 -> 0 | K18: =F18*100/B18 -> #DIV/0! | L18: =100*F18/F20 -> 0
A19: December | F19: =D19-E19 -> 0 | J19: =C19+D19-E19-G19-H19-I19 -> 0 | K19: =F19*100/B19 -> #DIV/0! | L19: =100*F19/F20 -> 0
A20: Total- | B20: =SUM(B8:B19) -> 1150000 | C20: =C8 -> 922695 | D20: =SUM(D8:D19) -> 209760 | E20: =SUM(E8:E19) -> 46635 | F20: =SUM(F8:F19) -> 163125 | G20: =SUM(G8:G19) -> 14365 | H20: =SUM(H8:H19) -> 155510 | I20: =SUM(I8:I19) -> 0 | J20: =J12 -> 933045 | K20: =F20*100/B20 -> 14.184783 | L20: =SUM(L8:L19)/5 -> 20
A22: Monthly Average Sales : | D22: =F20/5 -> 32625
A23: Monthly Average target : | D23: =B20/5 -> 230000
A24: Monthly Average Collection : | D24: =H20/5 -> 31102
A25: Target Achievment : | D25: 0.1418
A26: Market Dues : | J26: Operation Sales
J27: Wintech Agro Bangladesh

Sheet Kingfisher-3
A1: WINTECH AGRO BANGLADESH
A2: Reg. Address: Goalbari, Kaundia, Mirpur Bazar, Savar, Dhaka-1218.
A3: Total Sales Summary of Cumilla zone (Kingfisher)-3
A4: Month of January to December -2026
I5: Assigned Officer: Mr. Pobitrow kumar Mondal
A6: Area | B6: Target | C6: Previous Dues | D6: Total Sales | E6: Rtd. Goods | F6: Net Sales | G6: Commission | H6: Collection | I6: Bad Debt | J6: Total Dues | K6: Target | L6: Sales (%)
K7: Achievement(%) | L7: (Zonewise)
A8: January | B8: 175000 | C8: 553409 | D8: 55360 | F8: =D8-E8 -> 55360 | G8: 360 | H8: 72600 | J8: =C8+D8-E8-G8-H8-I8 -> 535809 | K8: =F8*100/B8 -> 31.634286 | L8: =F8*100/F20 -> 18.704598
A9: February | B9: 250000 | C9: 535809 | D9: 37385 | F9: =D9-E9 -> 37385 | G9: 1045 | H9: 47130 | J9: =C9+D9-E9-G9-H9-I9 -> 525019 | K9: =F9*100/B9 -> 14.954 | L9: =100*F9/F20 -> 12.631348
A10: March | B10: 250000 | C10: 525019 | D10: 51220 | F10: =D10-E10 -> 51220 | G10: 750 | H10: 41120 | J10: =C10+D10-E10-G10-H10-I10 -> 534369 | K10: =F10*100/B10 -> 20.488 | L10: =100*F10/F20 -> 17.305808
A11: April | B11: 275000 | C11: 534369 | D11: 63905 | E11: 4790 | F11: =D11-E11 -> 59115 | G11: 2140 | H11: 82210 | J11: =C11+D11-E11-G11-H11-I11 -> 509134 | K11: =F11*100/B11 -> 21.496364 | L11: =100*F11/F20 -> 19.973308
A12: May | B12: 250000 | C12: 509134 | D12: 92890 | F12: =D12-E12 -> 92890 | G12: 375 | H12: 62570 | J12: =C12+D12-E12-G12-H12-I12 -> 539079 | K12: =F12*100/B12 -> 37.156 | L12: =F12*100/F20 -> 31.384938
A13: June | J13: =C13+D13-E13-G13-H13-I13 -> 0 | K13: =F13*100/B13 -> #DIV/0! | L13: =100*F13/B13 -> #DIV/0!
A14: July | J14: =C14+D14-E14-G14-H14-I14 -> 0 | K14: =F14*100/B14 -> #DIV/0! | L14: =100*F14/B14 -> #DIV/0!
A15: August | J15: =C15+D15-E15-G15-H15-I15 -> 0 | K15: =F15*100/B15 -> #DIV/0! | L15: =100*F15/B15 -> #DIV/0!
A16: September | J16: =C16+D16-E16-G16-H16-I16 -> 0 | K16: =F16*100/B16 -> #DIV/0! | L16: =100*F16/B16 -> #DIV/0!
A17: October | J17: =C17+D17-E17-G17-H17-I17 -> 0 | K17: =F17*100/B17 -> #DIV/0! | L17: =100*F17/B17 -> #DIV/0!
A18: November | J18: =C18+D18-E18-G18-H18-I18 -> 0 | K18: =F18*100/B18 -> #DIV/0! | L18: =100*F18/B18 -> #DIV/0!
A19: December | J19: =C19+D19-E19-G19-H19-I19 -> 0 | K19: =F19*100/B19 -> #DIV/0! | L19: =100*F19/B19 -> #DIV/0!
A20: Total- | B20: =SUM(B8:B19) -> 1200000 | C20: =C8 -> 553409 | D20: =SUM(D8:D19) -> 300760 | E20: =SUM(E8:E19) -> 4790 | F20: =SUM(F8:F19) -> 295970 | G20: =SUM(G8:G19) -> 4670 | H20: =SUM(H8:H19) -> 305630 | I20: =SUM(I8:I19) -> 0 | J20: =J12 -> 539079 | K20: =F20*100/B20 -> 24.664167 | L20: =SUM(L8:L12)/5 -> 20
A22: Monthly Average Sales : | D22: =F20/5 -> 59194
A23: Monthly Average target : | D23: =B20/5 -> 240000
A24: Monthly Average Collection : | D24: =H20/5 -> 61126
A25: Target Achievment : | D25: 0.2466
A26: Market Dues :
J28: Operation Sales
J29: Wintech Agro Bangladesh

Sheet Kingfisher-4
A1: WINTECH AGRO BANGLADESH
A2: Reg. Address: Goalbari, Kaundia, Mirpur Bazar, Savar, Dhaka-1218.
A3: Total Sales Summary of Cumilla zone (Kingfisher)-4
A4: Month of January to December -2026
I5: Assigned Officer: Mr. Hijbul Bahar
A6: Area | B6: Target | C6: Previous Dues | D6: Total Sales | E6: Rtd. Goods | F6: Net Sales | G6: Commission | H6: Collection | I6: Bad Debt | J6: Total Dues | K6: Target | L6: Sales (%)
K7: Achievement(%) | L7: (Zonewise)
A8: January | B8: 250000 | C8: 462829 | D8: 123240 | E8: 0 | F8: =D8-E8 -> 123240 | G8: 50 | H8: 76420 | I8: 0 | J8: =C8+D8-E8-G8-H8-I8 -> 509599 | K8: =F8*100/B8 -> 49.296 | L8: =100*F8/F20 -> 19.457821
A9: February | B9: 300000 | C9: 509599 | D9: 61010 | F9: =D9-E9 -> 61010 | G9: 1510 | H9: 64100 | J9: =C9+D9-E9-G9-H9-I9 -> 504999 | K9: =F9*100/B9 -> 20.336667 | L9: =100*F9/F20 -> 9.6326002
A10: March | B10: 300000 | C10: 504999 | D10: 89390 | F10: =D10-E10 -> 89390 | G10: 920 | H10: 96320 | J10: =C10+D10-E10-G10-H10-I10 -> 497149 | K10: =F10*100/B10 -> 29.796667 | L10: =100*F10/F20 -> 14.113393
A11: April | B11: 400000 | C11: 497149 | D11: 131270 | E11: 0 | F11: =D11-E11 -> 131270 | G11: 4180 | H11: 136650 | I11: 0 | J11: =C11+D11-E11-G11-H11-I11 -> 487589 | K11: =F11*100/B11 -> 32.8175 | L11: =100*F11/F20 -> 20.725642
A12: May | B12: 300000 | C12: 487589 | D12: 228460 | F12: =D12-E12 -> 228460 | G12: 3896 | H12: 161400 | J12: =C12+D12-E12-G12-H12-I12 -> 550753 | K12: =F12*100/B12 -> 76.153333 | L12: =100*F12/F20 -> 36.070543
A13: June | F13: =D13-E13 -> 0 | J13: =C13+D13-E13-G13-H13-I13 -> 0 | K13: =F13*100/B13 -> #DIV/0! | L13: =100*F13/F20 -> 0
A14: July | F14: =D14-E14 -> 0 | J14: =C14+D14-E14-G14-H14-I14 -> 0 | K14: =F14*100/B14 -> #DIV/0! | L14: =100*F14/F20 -> 0
A15: August | F15: =D15-E15 -> 0 | J15: =C15+D15-E15-G15-H15-I15 -> 0 | K15: =F15*100/B15 -> #DIV/0! | L15: =F15*100/F20 -> 0
A16: September | F16: =D16-E16 -> 0 | J16: =C16+D16-E16-G16-H16-I16 -> 0 | K16: =F16*100/B16 -> #DIV/0! | L16: =F16*100/F20 -> 0
A17: October | F17: =D17-E17 -> 0 | J17: =C17+D17-E17-G17-H17-I17 -> 0 | K17: =F17*100/B17 -> #DIV/0! | L17: =F17*100/F20 -> 0
A18: November | F18: =D18-E18 -> 0 | J18: =C18+D18-E18-G18-H18-I18 -> 0 | K18: =F18*100/B18 -> #DIV/0! | L18: =F18*100/F20 -> 0
A19: December | F19: =D19-E19 -> 0 | J19: =C19+D19-E19-G19-H19-I19 -> 0 | K19: =F19*100/B19 -> #DIV/0! | L19: =F19*100/F20 -> 0
A20: Total- | B20: =SUM(B8:B19) -> 1550000 | C20: =C8 -> 462829 | D20: =SUM(D8:D19) -> 633370 | E20: =SUM(E8:E19) -> 0 | F20: =SUM(F8:F19) -> 633370 | G20: =SUM(G8:G19) -> 10556 | H20: =SUM(H8:H19) -> 534890 | I20: =SUM(I8:I19) -> 0 | J20: =J12 -> 550753 | K20: =(D20-E20)*100/B20 -> 40.862581 | L20: =SUM(L8:L19)/5 -> 20
A22: Monthly Average Sales : | D22: =F20/5 -> 126674
A23: Monthly Average target : | D23: =B20/5 -> 310000
A24: Monthly Average Collection : | D24: =H20/5 -> 106978
A25: Target Achievment : | D25: 0.4086
A26: Market Dues :
J29: Operation Sales
J30: Wintech Agro Bangladesh

Sheet Bogra 1
A1: WINTECH AGRO BANGLADESH
A2: Reg. Address: Goalbari, Kaundia, Mirpur Bazar, Savar, Dhaka-1218.
A3: Total Sales Summary of Bogra zone (Sparrow)-1
A4: Month of January to December -2026
I5: Assigned Officer: Mr. Mojahidul Islam Shoaib
A6: Area | B6: Target | C6: Previous Dues | D6: Total Sales | E6: Rtd. Goods | F6: Net Sales | G6: Commission | H6: Collection | I6: Bad Debt | J6: Total Dues | K6: Target | L6: Sales (%)
K7: Achievement(%) | L7: (Zonewise)
A8: January | B8: 150000 | C8: 943644 | D8: 10850 | E8: 0 | F8: =D8-E8 -> 10850 | G8: 89231 | H8: 329500 | I8: 0 | J8: =C8+D8-E8-G8-H8-I8 -> 535763 | K8: =F8*100/B8 -> 7.2333333 | L8: =100*F8/F20 -> 5.128496
A9: February | B9: 250000 | C9: 535763 | D9: 86300 | E9: 13594 | F9: =D9-E9 -> 72706 | G9: 3452 | H9: 15000 | I9: 0 | J9: =C9+D9-E9-G9-H9-I9 -> 590017 | K9: =F9*100/B9 -> 29.0824 | L9: =100*F9/F20 -> 34.366123
A10: March | B10: 250000 | C10: 590017 | D10: 46340 | E10: 20160 | F10: =D10-E10 -> 26180 | G10: 1134 | H10: 30000 | I10: 0 | J10: =C10+D10-E10-G10-H10-I10 -> 585063 | K10: =F10*100/B10 -> 10.472 | L10: =100*F10/F20 -> 12.374565
A11: April | B11: 275000 | C11: 585063 | D11: 93050 | E11: 29933 | F11: =D11-E11 -> 63117 | G11: 3013 | H11: 55000 | I11: 0 | J11: =C11+D11-E11-G11-H11-I11 -> 590167 | K11: =F11*100/B11 -> 22.951636 | L11: =100*F11/F20 -> 29.833667
A12: May | B12: 275000 | C12: 590167 | D12: 38710 | F12: =D12-E12 -> 38710 | G12: 1548 | H12: 10000 | J12: =C12+D12-E12-G12-H12-I12 -> 617329 | K12: =F12*100/B12 -> 14.076364 | L12: =100*F12/F20 -> 18.29715
A13: June | F13: =D13-E13 -> 0 | J13: =C13+D13-E13-G13-H13-I13 -> 0 | K13: =F13*100/B13 -> #DIV/0! | L13: =100*F13/F20 -> 0
A14: July | F14: =D14-E14 -> 0 | J14: =C14+D14-E14-G14-H14-I14 -> 0 | K14: =F14*100/B14 -> #DIV/0! | L14: =100*F14/F20 -> 0
A15: August | F15: =D15-E15 -> 0 | J15: =C15+D15-E15-G15-H15-I15 -> 0 | K15: =F15*100/B15 -> #DIV/0! | L15: =100*F15/F20 -> 0
A16: September | F16: =D16-E16 -> 0 | J16: =C16+D16-E16-G16-H16-I16 -> 0 | K16: =F16*100/B16 -> #DIV/0! | L16: =100*F16/F20 -> 0
A17: October | F17: =D17-E17 -> 0 | J17: =C17+D17-E17-G17-H17-I17 -> 0 | K17: =F17*100/B17 -> #DIV/0! | L17: =100*F17/F20 -> 0
A18: November | F18: =D18-E18 -> 0 | J18: =C18+D18-E18-G18-H18-I18 -> 0 | K18: =F18*100/B18 -> #DIV/0! | L18: =100*F18/F20 -> 0
A19: December | F19: =D19-E19 -> 0 | J19: =C19+D19-E19-G19-H19-I19 -> 0 | K19: =F19*100/B19 -> #DIV/0! | L19: =100*F19/F20 -> 0
A20: Total- | B20: =SUM(B8:B19) -> 1200000 | C20: =C8 -> 943644 | D20: =SUM(D8:D19) -> 275250 | E20: =SUM(E8:E19) -> 63687 | F20: =SUM(F8:F19) -> 211563 | G20: =SUM(G8:G19) -> 98378 | H20: =SUM(H8:H19) -> 439500 | I20: =SUM(I8:I19) -> 0 | J20: =J12 -> 617329 | K20: =F20*100/B20 -> 17.63025 | L20: =SUM(L8:L19)/5 -> 20
A22: Monthly Average Sales : | D22: =F20/5 -> 42312.6
A23: Monthly Average target : | D23: =B20/5 -> 240000
A24: Monthly Average Collection : | D24: =H20/5 -> 87900
A25: Target Achievment : | D25: 0.1763
A26: Market Dues :
J29: Operation Sales
J30: Wintech Agro Bangladesh

Sheet Bogra 2
A1: WINTECH AGRO BANGLADESH
A2: Reg. Address: Goalbari, Kaundia, Mirpur Bazar, Savar, Dhaka-1218.
A3: Total Sales Summary of Bogra zone (Sparrow)-2
A4: Month of January to December -2026
J5: Assigned Officer: Mr. Abu Hasnat
A6: Area | B6: Target | C6: Previous Dues | D6: Total Sales | E6: Rtd. Goods | F6: Net Sales | G6: Commission | H6: Collection | I6: Bad Debt | J6: Total Dues | K6: Target | L6: Sales (%)
K7: Achievement(%) | L7: (Zonewise)
A8: January | B8: 150000 | C8: 27165 | D8: 66200 | E8: 6565 | F8: =D8-E8 -> 59635 | G8: 2648 | H8: 5000 | I8: 0 | J8: =C8+D8-E8-G8-H8-I8 -> 79152 | K8: =F8*100/B8 -> 39.756667 | L8: =100*F8/F20 -> 10.364455
A9: February | B9: 250000 | C9: 79152 | D9: 97375 | F9: =D9-E9 -> 97375 | G9: 3922 | H9: 33850 | I9: 0 | J9: =C9+D9-E9-G9-H9-I9 -> 138755 | K9: =F9*100/B9 -> 38.95 | L9: =100*F9/F20 -> 16.923598
A10: March | B10: 250000 | C10: 138755 | D10: 158050 | F10: =D10-E10 -> 158050 | G10: 6276 | H10: 105000 | I10: 0 | J10: =C10+D10-E10-G10-H10-I10 -> 185529 | K10: =F10*100/B10 -> 63.22 | L10: =100*F10/F20 -> 27.468803
A11: April | B11: 275000 | C11: 185529 | D11: 210320 | F11: =D11-E11 -> 210320 | G11: 9660 | H11: 40000 | I11: 0 | J11: =C11+D11-E11-G11-H11-I11 -> 346189 | K11: =F11*100/B11 -> 76.48 | L11: =100*F11/F20 -> 36.553234
A12: May | B12: 275000 | C12: 346189 | D12: 50000 | F12: =D12-E12 -> 50000 | G12: 2000 | H12: 145000 | J12: =C12+D12-E12-G12-H12-I12 -> 249189 | K12: =F12*100/B12 -> 18.181818 | L12: =100*F12/F20 -> 8.6899093
A13: June | F13: =D13-E13 -> 0 | J13: =C13+D13-E13-G13-H13-I13 -> 0 | K13: =F13*100/B13 -> #DIV/0! | L13: =100*F13/F20 -> 0
A14: July | F14: =D14-E14 -> 0 | J14: =C14+D14-E14-G14-H14-I14 -> 0 | K14: =F14*100/B14 -> #DIV/0! | L14: =100*F14/F20 -> 0
A15: August | F15: =D15-E15 -> 0 | J15: =C15+D15-E15-G15-H15-I15 -> 0 | K15: =F15*100/B15 -> #DIV/0! | L15: =100*F15/F20 -> 0
A16: September | F16: =D16-E16 -> 0 | J16: =C16+D16-E16-G16-H16-I16 -> 0 | K16: =F16*100/B16 -> #DIV/0! | L16: =100*F16/F20 -> 0
A17: October | F17: =D17-E17 -> 0 | J17: =C17+D17-E17-G17-H17-I17 -> 0 | K17: =F17*100/B17 -> #DIV/0! | L17: =100*F17/F20 -> 0
A18: November | F18: =D18-E18 -> 0 | J18: =C18+D18-E18-G18-H18-I18 -> 0 | K18: =F18*100/B18 -> #DIV/0! | L18: =100*F18/F20 -> 0
A19: December | F19: =D19-E19 -> 0 | J19: =C19+D19-E19-G19-H19-I19 -> 0 | K19: =F19*100/B19 -> #DIV/0! | L19: =100*F19/F20 -> 0
A20: Total- | B20: =SUM(B8:B19) -> 1200000 | C20: =C8 -> 27165 | D20: =SUM(D8:D19) -> 581945 | E20: =SUM(E8:E19) -> 6565 | F20: =SUM(F8:F19) -> 575380 | G20: =SUM(G8:G19) -> 24506 | H20: =SUM(H8:H19) -> 328850 | I20: =SUM(I8:I19) -> 0 | J20: =J12 -> 249189 | K20: =(D20-E20)*100/B20 -> 47.948333 | L20: =SUM(L8:L19)/5 -> 20
A22: Monthly Average Sales : | D22: =F20/5 -> 115076
A23: Monthly Average target : | D23: =B20/5 -> 240000
A24: Monthly Average Collection : | D24: =H20/5 -> 65770
A25: Target Achievment : | D25: 0.4775
A26: Market Dues :
J28: Operation Sales
J29: Wintech Agro Bangladesh

Sheet Bakra
A1: WINTECH AGRO BANGLADESH
A2: Reg. Address: Goalbari, Kaundia, Mirpur Bazar, Savar, Dhaka-1218.
A3: Total Sales Summary of Bakra zone (Egle)-2
A4: Month of January to December -2026
J5: Assigned Officer: Mr. Shankor Kumar Das
A6: Area | B6: Target | C6: Previous Dues | D6: Total Sales | E6: Rtd. Goods | F6: Net Sales | G6: Commission | H6: Collection | I6: Bad Debt | J6: Total Dues | K6: Target | L6: Sales (%)
K7: Achievement(%) | L7: (Zonewise)
A8: January | B8: 200000 | C8: 2762236 | D8: 197360 | E8: 122520 | F8: =D8-E8 -> 74840 | G8: 4476 | H8: 169480 | J8: =C8+D8-E8-G8-H8-I8 -> 2663120 | K8: =F8*100/B8 -> 37.42 | L8: =F8*100/F20 -> 6.2657502
A9: February | B9: 250000 | C9: 2663120 | D9: 318230 | E9: 14650 | F9: =D9-E9 -> 303580 | G9: 10212 | H9: 105330 | J9: =C9+D9-E9-G9-H9-I9 -> 2851158 | K9: =F9*100/B9 -> 121.432 | L9: =100*F9/F20 -> 25.416307
A10: March | B10: 250000 | C10: 2851158 | D10: 192110 | F10: =D10-E10 -> 192110 | G10: 26814 | H10: 566050 | J10: =C10+D10-E10-G10-H10-I10 -> 2450404 | K10: =F10*100/B10 -> 76.844 | L10: =100*F10/F20 -> 16.083822
A11: April | B11: 300000 | C11: 2450404 | D11: 371230 | F11: =D11-E11 -> 371230 | G11: 8846 | H11: 202990 | J11: =C11+D11-E11-G11-H11-I11 -> 2609798 | K11: =F11*100/B11 -> 123.74333 | L11: =100*F11/F20 -> 31.080097
A12: May | B12: 300000 | C12: 2609798 | D12: 252670 | F12: =D12-E12 -> 252670 | G12: 8872 | H12: 189000 | J12: =C12+D12-E12-G12-H12-I12 -> 2664596 | K12: =F12*100/B12 -> 84.223333 | L12: =F12*100/F20 -> 21.154023
A13: June | F13: =D13-E13 -> 0 | J13: =C13+D13-E13-G13-H13-I13 -> 0 | K13: =F13*100/B13 -> #DIV/0! | L13: =100*F13/F20 -> 0
A14: July | F14: =D14-E14 -> 0 | J14: =C14+D14-E14-G14-H14-I14 -> 0 | K14: =F14*100/B14 -> #DIV/0! | L14: =100*F14/F20 -> 0
A15: August | F15: =D15-E15 -> 0 | J15: =C15+D15-E15-G15-H15-I15 -> 0 | K15: =F15*100/B15 -> #DIV/0! | L15: =F15*100/F20 -> 0
A16: September | F16: =D16-E16 -> 0 | J16: =C16+D16-E16-G16-H16-I16 -> 0 | K16: =F16*100/B16 -> #DIV/0! | L16: =F16*100/F20 -> 0
A17: October | F17: =D17-E17 -> 0 | J17: =C17+D17-E17-G17-H17-I17 -> 0 | K17: =F17*100/B17 -> #DIV/0! | L17: =F17*100/F20 -> 0
A18: November | F18: =D18-E18 -> 0 | J18: =C18+D18-E18-G18-H18-I18 -> 0 | K18: =F18*100/B18 -> #DIV/0! | L18: =F18*100/F20 -> 0
A19: December | F19: =D19-E19 -> 0 | J19: =C19+D19-E19-G19-H19-I19 -> 0 | K19: =F19*100/B19 -> #DIV/0! | L19: =F19*100/F20 -> 0
A20: Total- | B20: =SUM(B8:B19) -> 1300000 | C20: =SUM(C8:C19) -> 13336716 | D20: =SUM(D8:D19) -> 1331600 | E20: =SUM(E8:E19) -> 137170 | F20: =SUM(F8:F19) -> 1194430 | G20: =SUM(G8:G19) -> 59220 | H20: =SUM(H8:H19) -> 1232850 | K20: =(K8+K9+K10+K11+K12)/5 -> 88.732533
A22: Monthly Average Sales : | D22: =F20/5 -> 238886
A23: Monthly Average target : | D23: =B20/5 -> 260000
A24: Monthly Average Collection : | D24: =H20/5 -> 246570
A25: Target Achievment : | D25: 0.8873
A26: Market Dues : | D26: =100-88.73 -> 11.27
J28: Operation Sales
J29: Wintech Agro Bangladesh

Sheet Fulpur
A1: WINTECH AGRO BANGLADESH
A2: Reg. Address: Goalbari, Kaundia, Mirpur Bazar, Savar, Dhaka-1218.
A3: Total Sales Summary of Phulpur zone (phulpur)-1
A4: Month of January to December -2026
I5: Assigned Officer: Mr. Abdus Selim
A6: Area | B6: Target | C6: Previous Dues | D6: Total Sales | E6: Rtd. Goods | F6: Net Sales | G6: Commission | H6: Collection | I6: Bad Debt | J6: Total Dues | K6: Target | L6: Sales (%)
K7: Achievement(%) | L7: (Zonewise)
A8: January | B8: 150000 | C8: 457634 | D8: 31000 | E8: 0 | F8: =D8-E8 -> 31000 | G8: 9600 | H8: 85000 | I8: 0 | J8: =C8+D8-E8-G8-H8-I8 -> 394034 | K8: =F8*100/B8 -> 20.666667 | L8: =100*F8/F20 -> 4.9043261
A9: February | B9: 250000 | C9: 394034 | D9: 231450 | E9: 0 | F9: =D9-E9 -> 231450 | G9: 10200 | H9: 34500 | I9: 0 | J9: =C9+D9-E9-G9-H9-I9 -> 580784 | K9: =F9*100/B9 -> 92.58 | L9: =100*F9/F20 -> 36.616331
A10: March | B10: 250000 | C10: 580784 | D10: 54350 | F10: =D10-E10 -> 54350 | G10: 0 | H10: 47000 | I10: 0 | J10: =C10+D10-E10-G10-H10-I10 -> 588134 | K10: =F10*100/B10 -> 21.74 | L10: =100*F10/F20 -> 8.5983911
A11: April | B11: 275000 | C11: 588134 | D11: 241070 | E11: 0 | F11: =D11-E11 -> 241070 | G11: 3155 | H11: 77000 | I11: 0 | J11: =C11+D11-E11-G11-H11-I11 -> 749049 | K11: =F11*100/B11 -> 87.661818 | L11: =100*F11/F20 -> 38.138255
A12: May | B12: 250000 | C12: 749049 | D12: 93440 | E12: 19215 | F12: =D12-E12 -> 74225 | G12: 1645 | H12: 70000 | J12: =C12+D12-E12-G12-H12-I12 -> 751629 | K12: =F12*100/B12 -> 29.69 | L12: =100*F12/F20 -> 11.742697
A13: June | F13: =D13-E13 -> 0 | J13: =C13+D13-E13-G13-H13-I13 -> 0 | K13: =F13*100/B13 -> #DIV/0! | L13: =100*F13/F20 -> 0
A14: July | F14: =D14-E14 -> 0 | J14: =C14+D14-E14-G14-H14-I14 -> 0 | K14: =F14*100/B14 -> #DIV/0! | L14: =100*F14/F20 -> 0
A15: August | F15: =D15-E15 -> 0 | J15: =C15+D15-E15-G15-H15-I15 -> 0 | K15: =F15*100/B15 -> #DIV/0! | L15: =100*F15/F20 -> 0
A16: September | F16: =D16-E16 -> 0 | J16: =C16+D16-E16-G16-H16-I16 -> 0 | K16: =F16*100/B16 -> #DIV/0! | L16: =100*F16/F20 -> 0
A17: October | F17: =D17-E17 -> 0 | J17: =C17+D17-E17-G17-H17-I17 -> 0 | K17: =F17*100/B17 -> #DIV/0! | L17: =100*F17/F20 -> 0
A18: November | F18: =D18-E18 -> 0 | J18: =C18+D18-E18-G18-H18-I18 -> 0 | K18: =F18*100/B18 -> #DIV/0! | L18: =100*F18/F20 -> 0
A19: December | F19: =D19-E19 -> 0 | J19: =C19+D19-E19-G19-H19-I19 -> 0 | K19: =F19*100/B19 -> #DIV/0! | L19: =100*F19/F20 -> 0
A20: Total- | B20: =SUM(B8:B19) -> 1175000 | C20: =C8 -> 457634 | D20: =SUM(D8:D19) -> 651310 | E20: =SUM(E8:E19) -> 19215 | F20: =SUM(F8:F19) -> 632095 | G20: =SUM(G8:G19) -> 24600 | H20: =SUM(H8:H19) -> 313500 | J20: =J12 -> 751629 | K20: =(D20-E20)*100/B20 -> 53.795319
A22: Monthly Average Sales : | D22: =F20/5 -> 126419
A23: Monthly Average target : | D23: =B20/5 -> 235000
A24: Monthly Average Collection : | D24: =H20/5 -> 62700
A25: Target Achievment : | D25: 0.538
A26: Market Dues :
J28: Operation Sales
J29: Wintech Agro Bangladesh

Sheet Feni
A1: WINTECH AGRO BANGLADESH
A2: Reg. Address: Goalbari, Kaundia, Mirpur Bazar, Savar, Dhaka-1218.
A3: Total Sales Summary of Cumilla zone (Penguin)-1
A4: Month of January to December -2026
J5: Assigned Officer : Mr. Jayonta Das
A6: Area | B6: Target | C6: Previous Dues | D6: Total Sales | E6: Rtd. Goods | F6: Net Sales | G6: Commission | H6: Collection | I6: Bad Debt | J6: Total Dues | K6: Target | L6: Sales (%)
K7: Achievement(%) | L7: (Zonewise)
A8: January | B8: 250000 | C8: 1131672 | D8: 321120 | E8: 0 | F8: =D8-E8 -> 321120 | G8: 22478 | H8: 150000 | I8: 0 | J8: =C8+D8-E8-G8-H8-I8 -> 1280314 | K8: =F8*100/B8 -> 128.448 | L8: =F8*100/F20 -> 28.21743
A9: February | B9: 350000 | C9: 1280314 | D9: 245400 | E9: 0 | F9: =D9-E9 -> 245400 | G9: 14154 | H9: 140000 | I9: 0 | J9: =C9+D9-E9-G9-H9 -> 1371560 | K9: =F9*100/B9 -> 70.114286 | L9: =F9*100/F20 -> 21.563769
A10: March | B10: 300000 | C10: 1371560 | D10: 308100 | F10: =D10-E10 -> 308100 | G10: 12127 | H10: 185000 | J10: =C10+D10-E10-G10-H10 -> 1482533 | K10: =F10*100/B10 -> 102.7 | L10: =F10*100/F20 -> 27.073338
A11: April | B11: 400000 | C11: 1482533 | D11: 263400 | E11: 0 | F11: =D11-E11 -> 263400 | G11: 135289 | H11: 141400 | I11: 0 | J11: =C11+D11-E11-G11-H11 -> 1469244 | K11: =F11*100/B11 -> 65.85 | L11: =F11*100/F20 -> 23.145463
A12: May | F12: =D12-E12 -> 0 | J12: =C12+D12-E12-G12-H12 -> 0 | K12: =F12*100/B12 -> #DIV/0! | L12: =F12*100/F20 -> 0
A13: June | F13: =D13-E13 -> 0 | J13: =C13+D13-E13-G13-H13 -> 0 | K13: =F13*100/B13 -> #DIV/0! | L13: =F13*100/F20 -> 0
A14: July | F14: =D14-E14 -> 0 | J14: =C14+D14-E14-G14-H14 -> 0 | K14: =F14*100/B14 -> #DIV/0! | L14: =F14*100/F20 -> 0
A15: August | F15: =D15-E15 -> 0 | J15: =C15+D15-E15-G15-H15 -> 0 | K15: =F15*100/B15 -> #DIV/0! | L15: =F15*100/F20 -> 0
A16: September | F16: =D16-E16 -> 0 | J16: =C16+D16-E16-G16-H16 -> 0 | K16: =F16*100/B16 -> #DIV/0! | L16: =F16*100/F20 -> 0
A17: October | F17: =D17-E17 -> 0 | J17: =C17+D17-E17-G17-H17 -> 0 | K17: =F17*100/B17 -> #DIV/0! | L17: =F17*100/F20 -> 0
A18: November | F18: =D18-E18 -> 0 | J18: =C18+D18-E18-G18-H18 -> 0 | K18: =F18*100/B18 -> #DIV/0! | L18: =F18*100/F20 -> 0
A19: December | F19: =D19-E19 -> 0 | J19: =C19+D19-E19-G19-H19 -> 0 | K19: =F19*100/B19 -> #DIV/0! | L19: =F19*100/F20 -> 0
A20: Total- | B20: =SUM(B8:B19) -> 1300000 | D20: =SUM(D8:D19) -> 1138020 | E20: =SUM(E8:E19) -> 0 | F20: =SUM(F8:F19) -> 1138020 | G20: =SUM(G8:G19) -> 184048 | H20: =SUM(H8:H19) -> 616400 | I20: =SUM(I8:I19) -> 0 | K20: =F20*100/B20 -> 87.54
A22: Monthly Average Sales : | D22: =F20/12 -> 94835
A23: Monthly Average target : | D23: =B20/12 -> 108333.33
A24: Monthly Average Collection : | D24: =H20/12 -> 51366.667
A25: Target Achievment :
A26: Market Dues :
J28: Operation Sales
J29: Wintech Agro Bangladesh
