Workbook

Sheet Company Stock 
A2: WINTECH AGRO BANGLADESH
A3: House #20, Road #18, Sector #14, Uttara, Dhaka-1230,Bangladesh.
A4: Company Stock Report November -2025
A6: Name of | B6: Pack | C6: Cumilla | D6: Mymensingh | E6: Bogra | F6: Jessore | G6: Feni | H6: Total | I6: Remarks
A7: The Products | B7: Size | C7: Stock | D7: Stock | E7: Stock | F7: Stock | G7: Stock | H7: Quantity
A8: Aqua Amla | B8: 100gm | C8: ='Cumilla '!J7 -> 180 | D8: ='Mymensing '!J7 -> 530 | E8: =Bogra!J7 -> 110 | F8: ='Jessore '!J7 -> 0 | G8: ='Feni '!J7 -> 0 | H8: =SUM(C8:G8) -> 820
A9: Aqua Amla | B9: 500gm | C9: ='Cumilla '!J8 -> 95 | D9: ='Mymensing '!J8 -> 277 | E9: =Bogra!J8 -> 48 | F9: ='Jessore '!J8 -> 150 | G9: ='Feni '!J8 -> 80 | H9: =SUM(C9:G9) -> 650
A10: Aqua Milk Premium | B10: 500gm | C10: ='Cumilla '!J9 -> 9111 | D10: ='Mymensing '!J9 -> 598 | E10: =Bogra!J9 -> 119 | F10: ='Jessore '!J9 -> 127 | G10: ='Feni '!J9 -> 80 | H10: =SUM(C10:G10) -> 10035
A11: Aqua Safe Plus | B11: 5kg | C11: ='Cumilla '!J10 -> 54 | D11: ='Mymensing '!J10 -> 164 | E11: =Bogra!J10 -> 36 | F11: ='Jessore '!J10 -> 80 | G11: ='Feni '!J10 -> 64 | H11: =SUM(C11:G11) -> 398
A12: Bencidal Plus | B12: 100ml | C12: ='Cumilla '!J11 -> 2931 | D12: ='Mymensing '!J11 -> 667 | E12: =Bogra!J11 -> 103 | F12: ='Jessore '!J11 -> 124 | G12: ='Feni '!J11 -> 0 | H12: =SUM(C12:G12) -> 3825
A13: Bencidal Plus | B13: 500ml | C13: ='Cumilla '!J12 -> 1015 | D13: ='Mymensing '!J12 -> 259 | E13: =Bogra!J12 -> 74 | F13: ='Jessore '!J12 -> 294 | G13: ='Feni '!J12 -> 213 | H13: =SUM(C13:G13) -> 1855
A14: Bottom Light | B14: 100gm | C14: ='Cumilla '!J13 -> 2075 | D14: ='Mymensing '!J13 -> 583 | E14: =Bogra!J13 -> 87 | F14: ='Jessore '!J13 -> 64 | G14: ='Feni '!J13 -> 70 | H14: =SUM(C14:G14) -> 2879
A15: Bottom Light | B15: 500gm | C15: ='Cumilla '!J14 -> 913 | D15: ='Mymensing '!J14 -> 247 | E15: =Bogra!J14 -> 26 | F15: ='Jessore '!J14 -> 87 | G15: ='Feni '!J14 -> 119 | H15: =SUM(C15:G15) -> 1392
A16: Brood Plus | B16: 500gm | C16: ='Cumilla '!J15 -> 515 | D16: ='Mymensing '!J15 -> 177 | E16: =Bogra!J15 -> 34 | F16: ='Jessore '!J15 -> 32 | G16: ='Feni '!J15 -> 48 | H16: =SUM(C16:G16) -> 806
A17: Eco Fresh | B17: 1kg | C17: ='Cumilla '!J16 -> 81 | D17: ='Mymensing '!J16 -> 753 | E17: =Bogra!J16 -> 88 | F17: ='Jessore '!J16 -> 19 | G17: ='Feni '!J16 -> 35 | H17: =SUM(C17:G17) -> 976
A18: Eco Fresh Plus | B18: 1kg | C18: ='Cumilla '!J17 -> 3036 | D18: ='Mymensing '!J17 -> 273 | E18: =Bogra!J17 -> 116 | F18: ='Jessore '!J17 -> 51 | G18: ='Feni '!J17 -> 210 | H18: =SUM(C18:G18) -> 3686
A19: Energy Flow | B19: 500gm | C19: ='Cumilla '!J18 -> 109 | D19: ='Mymensing '!J18 -> 501 | E19: =Bogra!J18 -> 48 | F19: ='Jessore '!J18 -> 192 | G19: ='Feni '!J18 -> 96 | H19: =SUM(C19:G19) -> 946
... A39: Winxide Aqua | B39: 500ml | C39: ='Cumilla '!J38 -> 106 | D39: ='Mymensing '!J38 -> 173 | E39: =Bogra!J38 -> 20 | F39: ='Jessore '!J38 -> 129 | G39: ='Feni '!J38 -> 139 | H39: =SUM(C39:G39) -> 567
C40: ='Cumilla '!J39 -> 0 | D40: ='Mymensing '!J39 -> 0 | E40: =Bogra!J39 -> 0 | F40: ='Jessore '!J39 -> 0 | G40: ='Feni '!J39 -> 0 | H40: =SUM(C40:G40) -> 0
A41: Total:- | C41: =SUM(C8:C40) -> 32804 | D41: =SUM(D8:D40) -> 9549.5 | E41: =SUM(E8:E39) -> 1767 | F41: =SUM(F8:F39) -> 2638 | G41: =SUM(G8:G39) -> 2307 | H41: =SUM(H8:H40) -> 49065.5
A46: Accounts Dept. | D46: Checked By | I46: Managing Partner

Sheet Cumilla 
A1: WINTECH AGRO BANGLADESH
A2: House # 20, Road # 18, Sector # 14, Uttara, Dhaka-1230, Bangladesh.
A3: Monthly Zonal Product Storage & Dispose
A4: Month of November 2025 | K4: Zone : Cumilla
A5: Name Of Product | B5: Pack | C5: Previous | D5: Received | E5: Return | F5: Total | G5: Transfer | H5: Sales | I5: Bonus | J5: Present | K5: Remarks
B6: Size | C6: Stock | D6: Quentity | E6: Quantity | F6: Quantity | G6: Quantity | H6: Quantity | I6: Quantity | J6: Balance
A7: ='Company Stock '!A8 -> Aqua Amla | B7: ='Company Stock '!B8 -> 100gm | C7: 180 | F7: =C7+D7+E7 -> 180 | J7: =F7-G7-H7-I7 -> 180
A8: ='Company Stock '!A9 -> Aqua Amla | B8: ='Company Stock '!B9 -> 500gm | C8: 130 | F8: =C8+D8+E8 -> 130 | H8: 34 | I8: 1 | J8: =F8-G8-H8-I8 -> 95
A9: ='Company Stock '!A10 -> Aqua Milk Premium | B9: ='Company Stock '!B10 -> 500gm | C9: 4595 | D9: 4740 | F9: =C9+D9+E9 -> 9335 | G9: 200 | H9: 24 | J9: =F9-G9-H9-I9 -> 9111
A10: ='Company Stock '!A11 -> Aqua Safe Plus | B10: ='Company Stock '!B11 -> 5kg | C10: 54 | D10: 100 | F10: =C10+D10+E10 -> 154 | H10: 100 | J10: =F10-G10-H10-I10 -> 54
A11: ='Company Stock '!A12 -> Bencidal Plus | B11: ='Company Stock '!B12 -> 100ml | C11: 2936 | F11: =C11+D11+E11 -> 2936 | H11: 5 | J11: =F11-G11-H11-I11 -> 2931
A12: ='Company Stock '!A13 -> Bencidal Plus | B12: ='Company Stock '!B13 -> 500ml | C12: 1119 | E12: 1 | F12: =C12+D12+E12 -> 1120 | G12: 75 | H12: 29 | I12: 1 | J12: =F12-G12-H12-I12 -> 1015
A13: ='Company Stock '!A14 -> Bottom Light | B13: ='Company Stock '!B14 -> 100gm | C13: 2075 | F13: =C13+D13+E13 -> 2075 | J13: =F13-G13-H13-I13 -> 2075
A14: ='Company Stock '!A15 -> Bottom Light | B14: ='Company Stock '!B15 -> 500gm | C14: 935 | E14: 1 | F14: =C14+D14+E14 -> 936 | H14: 22 | I14: 1 | J14: =F14-G14-H14-I14 -> 913
A15: ='Company Stock '!A16 -> Brood Plus | B15: ='Company Stock '!B16 -> 500gm | C15: 515 | F15: =C15+D15+E15 -> 515 | J15: =F15-G15-H15-I15 -> 515
A16: ='Company Stock '!A17 -> Eco Fresh | B16: ='Company Stock '!B17 -> 1kg | C16: 81 | F16: =C16+D16+E16 -> 81 | J16: =F16-G16-H16-I16 -> 81
A17: ='Company Stock '!A18 -> Eco Fresh Plus | B17: ='Company Stock '!B18 -> 1kg | C17: 658 | D17: 2480 | F17: =C17+D17+E17 -> 3138 | G17: 100 | H17: 2 | J17: =F17-G17-H17-I17 -> 3036
A18: ='Company Stock '!A19 -> Energy Flow | B18: ='Company Stock '!B19 -> 500gm | C18: 129 | F18: =C18+D18+E18 -> 129 | H18: 20 | J18: =F18-G18-H18-I18 -> 109
A19: ='Company Stock '!A20 -> Enrosef | B19: ='Company Stock '!B20 -> 100ml | C19: 0 | F19: =C19+D19+E19 -> 0 | J19: =F19-G19-H19-I19 -> 0
A20: ='Company Stock '!A21 -> Enrosef | B20: ='Company Stock '!B21 -> 500ml | C20: 9 | F20: =C20+D20+E20 -> 9 | J20: =F20-G20-H20-I20 -> 9
A21: ='Company Stock '!A22 -> Erostep | B21: ='Company Stock '!B22 -> 100gm | C21: 1 | E21: 21 | F21: =C21+D21+E21 -> 22 | J21: =F21-G21-H21-I21 -> 22
A22: ='Company Stock '!A23 -> Green Vita | B22: ='Company Stock '!B23 -> 500gm | C22: 126 | E22: 4 | F22: =C22+D22+E22 -> 130 | H22: 20 | J22: =F22-G22-H22-I22 -> 110
A23: ='Company Stock '!A24 -> Liver Win | B23: ='Company Stock '!B24 -> 500ml | C23: 124 | E23: 1 | F23: =C23+D23+E23 -> 125 | H23: 20 | J23: =F23-G23-H23-I23 -> 105
A24: ='Company Stock '!A25 -> Oxy-win (Granular) | B24: ='Company Stock '!B25 -> 1kg | C24: 243 | F24: =C24+D24+E24 -> 243 | H24: 26 | J24: =F24-G24-H24-I24 -> 217
A25: ='Company Stock '!A26 -> Oxy-win (Tablet) | B25: ='Company Stock '!B26 -> 1kg | C25: 4453 | F25: =C25+D25+E25 -> 4453 | H25: 26 | J25: =F25-G25-H25-I25 -> 4427
A26: ='Company Stock '!A27 -> Pro Yucca for Fish | B26: ='Company Stock '!B27 -> 100ml | C26: 1795 | F26: =C26+D26+E26 -> 1795 | J26: =F26-G26-H26-I26 -> 1795
A27: ='Company Stock '!A28 -> Pro Yucca for Fish | B27: ='Company Stock '!B28 -> 500ml | C27: 382 | F27: =C27+D27+E27 -> 382 | H27: 7 | J27: =F27-G27-H27-I27 -> 375
A28: ='Company Stock '!A29 -> Vitafort Aqua | B28: ='Company Stock '!B29 -> 500gm | C28: 0 | D28: 1040 | F28: =C28+D28+E28 -> 1040 | G28: 300 | H28: 20 | J28: =F28-G28-H28-I28 -> 720
A29: ='Company Stock '!A30 -> Vitazyme Aqua | B29: ='Company Stock '!B30 -> 500gm | C29: 112 | D29: 20 | F29: =C29+D29+E29 -> 132 | H29: 39 | J29: =F29-G29-H29-I29 -> 93
A30: ='Company Stock '!A31 -> Win C | B30: ='Company Stock '!B31 -> 100gm | C30: 465 | F30: =C30+D30+E30 -> 465 | J30: =F30-G30-H30-I30 -> 465
A31: ='Company Stock '!A32 -> Win C | B31: ='Company Stock '!B32 -> 500gm | C31: 0 | F31: =C31+D31+E31 -> 0 | J31: =F31-G31-H31-I31 -> 0
A32: ='Company Stock '!A33 -> Win Health | B32: ='Company Stock '!B33 -> 500ml | C32: 856 | F32: =C32+D32+E32 -> 856 | G32: 60 | H32: 10 | J32: =F32-G32-H32-I32 -> 786
A33: ='Company Stock '!A34 -> Win Max Plus | B33: ='Company Stock '!B34 -> 50ml | C33: 439 | D33: 74 | E33: 16 | F33: =C33+D33+E33 -> 529 | H33: 202 | I33: 4 | J33: =F33-G33-H33-I33 -> 323
A34: ='Company Stock '!A35 -> Win Max Plus | B34: ='Company Stock '!B35 -> 200ml | C34: 68 | D34: 490 | E34: 1 | F34: =C34+D34+E34 -> 559 | H34: 252 | I34: 8 | J34: =F34-G34-H34-I34 -> 299
A35: ='Company Stock '!A36 -> Win Pro Aqua | B35: ='Company Stock '!B36 -> 100gm | C35: 536 | F35: =C35+D35+E35 -> 536 | H35: 2 | J35: =F35-G35-H35-I35 -> 534
A36: ='Company Stock '!A37 -> Win Pro Aqua | B36: ='Company Stock '!B37 -> 200gm | C36: 2147 | D36: 48 | F36: =C36+D36+E36 -> 2195 | J36: =F36-G36-H36-I36 -> 2195
A37: ='Company Stock '!A38 -> Winxide Aqua | B37: ='Company Stock '!B38 -> 100ml | C37: 15 | D37: 120 | F37: =C37+D37+E37 -> 135 | H37: 27 | J37: =F37-G37-H37-I37 -> 108
A38: ='Company Stock '!A39 -> Winxide Aqua | B38: ='Company Stock '!B39 -> 500ml | C38: 116 | D38: 72 | F38: =C38+D38+E38 -> 188 | H38: 82 | J38: =F38-G38-H38-I38 -> 106
A42: Assigned Officer | K42: Zone Incharge

Sheet Mymensing 
A1: WINTECH AGRO BANGLADESH
A2: House # 20, Road # 18, Sector # 14, Uttara, Dhaka-1230, Bangladesh.
A3: Monthly Zonal Product Storage & Dispose
A4: Month of November 2025 | K4: Zone : Mymensingh
A5: Name Of Product | B5: Pack | C5: Previous | D5: Received | E5: Return | F5: Total | G5: Transfer | H5: Sales | I5: Bonus | J5: Present | K5: Remarks
B6: Size | C6: Stock | D6: Quentity | E6: Quantity | F6: Quantity | G6: Quantity | H6: Quantity | I6: Quantity | J6: Balance
A7: ='Company Stock '!A8 -> Aqua Amla | B7: ='Company Stock '!B8 -> 100gm | C7: 531 | E7: 20 | F7: =C7+D7+E7 -> 551 | H7: 21 | J7: =F7-G7-H7-I7 -> 530
A8: ='Company Stock '!A9 -> Aqua Amla | B8: ='Company Stock '!B9 -> 500gm | C8: 295 | E8: 6 | F8: =C8+D8+E8 -> 301 | H8: 24 | J8: =F8-G8-H8-I8 -> 277
A9: ='Company Stock '!A10 -> Aqua Milk Premium | B9: ='Company Stock '!B10 -> 500gm | C9: 421 | D9: 200 | E9: 2 | F9: =C9+D9+E9 -> 623 | H9: 25 | J9: =F9-G9-H9-I9 -> 598
A10: ='Company Stock '!A11 -> Aqua Safe Plus | B10: ='Company Stock '!B11 -> 5kg | C10: 185 | F10: =C10+D10+E10 -> 185 | H10: 21 | J10: =F10-G10-H10-I10 -> 164
A11: ='Company Stock '!A12 -> Bencidal Plus | B11: ='Company Stock '!B12 -> 100ml | C11: 656 | E11: 16 | F11: =C11+D11+E11 -> 672 | H11: 5 | J11: =F11-G11-H11-I11 -> 667
A12: ='Company Stock '!A13 -> Bencidal Plus | B12: ='Company Stock '!B13 -> 500ml | C12: 208 | D12: 75 | E12: 4 | F12: =C12+D12+E12 -> 287 | H12: 28 | J12: =F12-G12-H12-I12 -> 259
A13: ='Company Stock '!A14 -> Bottom Light | B13: ='Company Stock '!B14 -> 100gm | C13: 605 | E13: 9 | F13: =C13+D13+E13 -> 614 | H13: 31 | J13: =F13-G13-H13-I13 -> 583
A14: ='Company Stock '!A15 -> Bottom Light | B14: ='Company Stock '!B15 -> 500gm | C14: 260 | E14: 18 | F14: =C14+D14+E14 -> 278 | H14: 31 | J14: =F14-G14-H14-I14 -> 247
A15: ='Company Stock '!A16 -> Brood Plus | B15: ='Company Stock '!B16 -> 500gm | C15: 177 | F15: =C15+D15+E15 -> 177 | J15: =F15-G15-H15-I15 -> 177
A16: ='Company Stock '!A17 -> Eco Fresh | B16: ='Company Stock '!B17 -> 1kg | C16: 810 | E16: 4 | F16: =C16+D16+E16 -> 814 | H16: 61 | J16: =F16-G16-H16-I16 -> 753
A17: ='Company Stock '!A18 -> Eco Fresh Plus | B17: ='Company Stock '!B18 -> 1kg | C17: 207 | D17: 100 | E17: 1 | F17: =C17+D17+E17 -> 308 | H17: 35 | J17: =F17-G17-H17-I17 -> 273
A18: ='Company Stock '!A19 -> Energy Flow | B18: ='Company Stock '!B19 -> 500gm | C18: 485 | E18: 16 | F18: =C18+D18+E18 -> 501 | J18: =F18-G18-H18-I18 -> 501
A19: ='Company Stock '!A20 -> Enrosef | B19: ='Company Stock '!B20 -> 100ml | C19: 0 | F19: =C19+D19+E19 -> 0 | J19: =F19-G19-H19-I19 -> 0
A20: ='Company Stock '!A21 -> Enrosef | B20: ='Company Stock '!B21 -> 500ml | C20: 6 | E20: 4 | F20: =C20+D20+E20 -> 10 | J20: =F20-G20-H20-I20 -> 10
A21: ='Company Stock '!A22 -> Erostep | B21: ='Company Stock '!B22 -> 100gm | C21: 40 | E21: 10 | F21: =C21+D21+E21 -> 50 | J21: =F21-G21-H21-I21 -> 50
A22: ='Company Stock '!A23 -> Green Vita | B22: ='Company Stock '!B23 -> 500gm | C22: 102 | E22: 18 | F22: =C22+D22+E22 -> 120 | J22: =F22-G22-H22-I22 -> 120
A23: ='Company Stock '!A24 -> Liver Win | B23: ='Company Stock '!B24 -> 500ml | C23: 98 | E23: 12 | F23: =C23+D23+E23 -> 110 | J23: =F23-G23-H23-I23 -> 110
A24: ='Company Stock '!A25 -> Oxy-win (Granular) | B24: ='Company Stock '!B25 -> 1kg | C24: 162 | E24: 4 | F24: =C24+D24+E24 -> 166 | J24: =F24-G24-H24-I24 -> 166
A25: ='Company Stock '!A26 -> Oxy-win (Tablet) | B25: ='Company Stock '!B26 -> 1kg | C25: 271 | E25: 5.5 | F25: =C25+D25+E25 -> 276.5 | J25: =F25-G25-H25-I25 -> 276.5
A26: ='Company Stock '!A27 -> Pro Yucca for Fish | B26: ='Company Stock '!B27 -> 100ml | C26: 294 | F26: =C26+D26+E26 -> 294 | H26: 10 | J26: =F26-G26-H26-I26 -> 284
A27: ='Company Stock '!A28 -> Pro Yucca for Fish | B27: ='Company Stock '!B28 -> 500ml | C27: 55 | F27: =C27+D27+E27 -> 55 | H27: 36 | J27: =F27-G27-H27-I27 -> 19
A28: ='Company Stock '!A29 -> Vitafort Aqua | B28: ='Company Stock '!B29 -> 500gm | C28: 0 | D28: 300 | F28: =C28+D28+E28 -> 300 | J28: =F28-G28-H28-I28 -> 300
A29: ='Company Stock '!A30 -> Vitazyme Aqua | B29: ='Company Stock '!B30 -> 500gm | C29: 40 | E29: 12 | F29: =C29+D29+E29 -> 52 | H29: 10 | J29: =F29-G29-H29-I29 -> 42
A30: ='Company Stock '!A31 -> Win C | B30: ='Company Stock '!B31 -> 100gm | C30: 0 | F30: =C30+D30+E30 -> 0 | J30: =F30-G30-H30-I30 -> 0
A31: ='Company Stock '!A32 -> Win C | B31: ='Company Stock '!B32 -> 500gm | C31: 0 | F31: =C31+D31+E31 -> 0 | J31: =F31-G31-H31-I31 -> 0
A32: ='Company Stock '!A33 -> Win Health | B32: ='Company Stock '!B33 -> 500ml | C32: 69 | D32: 60 | E32: 4 | F32: =C32+D32+E32 -> 133 | H32: 30 | J32: =F32-G32-H32-I32 -> 103
A33: ='Company Stock '!A34 -> Win Max Plus | B33: ='Company Stock '!B34 -> 50ml | C33: 888 | E33: 15 | F33: =C33+D33+E33 -> 903 | H33: 85 | J33: =F33-G33-H33-I33 -> 818
A34: ='Company Stock '!A35 -> Win Max Plus | B34: ='Company Stock '!B35 -> 200ml | C34: 102 | E34: 6 | F34: =C34+D34+E34 -> 108 | H34: 32 | J34: =F34-G34-H34-I34 -> 76
A35: ='Company Stock '!A36 -> Win Pro Aqua | B35: ='Company Stock '!B36 -> 100gm | C35: 726 | E35: 6 | F35: =C35+D35+E35 -> 732 | J35: =F35-G35-H35-I35 -> 732
A36: ='Company Stock '!A37 -> Win Pro Aqua | B36: ='Company Stock '!B37 -> 200gm | C36: 614 | F36: =C36+D36+E36 -> 614 | J36: =F36-G36-H36-I36 -> 614
A37: ='Company Stock '!A38 -> Winxide Aqua | B37: ='Company Stock '!B38 -> 100ml | C37: 633 | F37: =C37+D37+E37 -> 633 | H37: 6 | J37: =F37-G37-H37-I37 -> 627
A38: ='Company Stock '!A39 -> Winxide Aqua | B38: ='Company Stock '!B39 -> 500ml | C38: 178 | F38: =C38+D38+E38 -> 178 | H38: 5 | J38: =F38-G38-H38-I38 -> 173
A43: Assigned Officer | K43: Zone Incharge

Sheet Jessore 
A1: WINTECH AGRO BANGLADESH
A2: House # 20, Road # 18, Sector # 14, Uttara, Dhaka-1230, Bangladesh.
A3: Monthly Zonal Product Storage & Dispose
A4: Month of Novemebr 2025 | K4: Zone : Jessore
A5: Name Of Product | B5: Pack | C5: Previous | D5: Received | E5: Return | F5: Total | G5: Transfer | H5: Sales | I5: Bonus | J5: Present | K5: Remarks
B6: Size | C6: Stock | D6: Quentity | E6: Quantity | F6: Quantity | G6: Quantity | H6: Quantity | I6: Quantity | J6: Balance
A7: ='Company Stock '!A8 -> Aqua Amla | B7: ='Company Stock '!B8 -> 100gm | C7: 0 | F7: =C7+D7+E7 -> 0 | J7: =F7-G7-H7-I7 -> 0
A8: ='Company Stock '!A9 -> Aqua Amla | B8: ='Company Stock '!B9 -> 500gm | C8: 150 | F8: =C8+D8+E8 -> 150 | J8: =F8-G8-H8-I8 -> 150
A9: ='Company Stock '!A10 -> Aqua Milk Premium | B9: ='Company Stock '!B10 -> 500gm | C9: 147 | F9: =C9+D9+E9 -> 147 | H9: 20 | J9: =F9-G9-H9-I9 -> 127
A10: ='Company Stock '!A11 -> Aqua Safe Plus | B10: ='Company Stock '!B11 -> 5kg | C10: 101 | F10: =C10+D10+E10 -> 101 | H10: 21 | J10: =F10-G10-H10-I10 -> 80
A11: ='Company Stock '!A12 -> Bencidal Plus | B11: ='Company Stock '!B12 -> 100ml | C11: 124 | F11: =C11+D11+E11 -> 124 | J11: =F11-G11-H11-I11 -> 124
A12: ='Company Stock '!A13 -> Bencidal Plus | B12: ='Company Stock '!B13 -> 500ml | C12: 294 | F12: =C12+D12+E12 -> 294 | J12: =F12-G12-H12-I12 -> 294
A13: ='Company Stock '!A14 -> Bottom Light | B13: ='Company Stock '!B14 -> 100gm | C13: 64 | F13: =C13+D13+E13 -> 64 | J13: =F13-G13-H13-I13 -> 64
A14: ='Company Stock '!A15 -> Bottom Light | B14: ='Company Stock '!B15 -> 500gm | C14: 103 | F14: =C14+D14+E14 -> 103 | H14: 16 | J14: =F14-G14-H14-I14 -> 87
A15: ='Company Stock '!A16 -> Brood Plus | B15: ='Company Stock '!B16 -> 500gm | C15: 32 | F15: =C15+D15+E15 -> 32 | J15: =F15-G15-H15-I15 -> 32
A16: ='Company Stock '!A17 -> Eco Fresh | B16: ='Company Stock '!B17 -> 1kg | C16: 19 | F16: =C16+D16+E16 -> 19 | J16: =F16-G16-H16-I16 -> 19
A17: ='Company Stock '!A18 -> Eco Fresh Plus | B17: ='Company Stock '!B18 -> 1kg | C17: 66 | F17: =C17+D17+E17 -> 66 | H17: 15 | J17: =F17-G17-H17-I17 -> 51
A18: ='Company Stock '!A19 -> Energy Flow | B18: ='Company Stock '!B19 -> 500gm | C18: 192 | F18: =C18+D18+E18 -> 192 | J18: =F18-G18-H18-I18 -> 192
A19: ='Company Stock '!A20 -> Enrosef | B19: ='Company Stock '!B20 -> 100ml | C19: 0 | F19: =C19+D19+E19 -> 0 | J19: =F19-G19-H19-I19 -> 0
A20: ='Company Stock '!A21 -> Enrosef | B20: ='Company Stock '!B21 -> 500ml | C20: 0 | F20: =C20+D20+E20 -> 0 | J20: =F20-G20-H20-I20 -> 0
A21: ='Company Stock '!A22 -> Erostep | B21: ='Company Stock '!B22 -> 100gm | C21: 39 | F21: =C21+D21+E21 -> 39 | J21: =F21-G21-H21-I21 -> 39
A22: ='Company Stock '!A23 -> Green Vita | B22: ='Company Stock '!B23 -> 500gm | C22: 0 | F22: =C22+D22+E22 -> 0 | J22: =F22-G22-H22-I22 -> 0
A23: ='Company Stock '!A24 -> Liver Win | B23: ='Company Stock '!B24 -> 500ml | C23: 128 | F23: =C23+D23+E23 -> 128 | J23: =F23-G23-H23-I23 -> 128
A24: ='Company Stock '!A25 -> Oxy-win (Granular) | B24: ='Company Stock '!B25 -> 1kg | C24: 30 | F24: =C24+D24+E24 -> 30 | J24: =F24-G24-H24-I24 -> 30
A25: ='Company Stock '!A26 -> Oxy-win (Tablet) | B25: ='Company Stock '!B26 -> 1kg | C25: 87 | F25: =C25+D25+E25 -> 87 | H25: 10 | J25: =F25-G25-H25-I25 -> 77
A26: ='Company Stock '!A27 -> Pro Yucca for Fish | B26: ='Company Stock '!B27 -> 100ml | C26: 134 | F26: =C26+D26+E26 -> 134 | J26: =F26-G26-H26-I26 -> 134
A27: ='Company Stock '!A28 -> Pro Yucca for Fish | B27: ='Company Stock '!B28 -> 500ml | C27: 195 | F27: =C27+D27+E27 -> 195 | J27: =F27-G27-H27-I27 -> 195
A28: ='Company Stock '!A29 -> Vitafort Aqua | B28: ='Company Stock '!B29 -> 500gm | C28: 37 | F28: =C28+D28+E28 -> 37 | J28: =F28-G28-H28-I28 -> 37
A29: ='Company Stock '!A30 -> Vitazyme Aqua | B29: ='Company Stock '!B30 -> 500gm | C29: 87 | F29: =C29+D29+E29 -> 87 | J29: =F29-G29-H29-I29 -> 87
A30: ='Company Stock '!A31 -> Win C | B30: ='Company Stock '!B31 -> 100gm | C30: 0 | F30: =C30+D30+E30 -> 0 | J30: =F30-G30-H30-I30 -> 0
A31: ='Company Stock '!A32 -> Win C | B31: ='Company Stock '!B32 -> 500gm | C31: 0 | F31: =C31+D31+E31 -> 0 | J31: =F31-G31-H31-I31 -> 0
A32: ='Company Stock '!A33 -> Win Health | B32: ='Company Stock '!B33 -> 500ml | C32: 49 | F32: =C32+D32+E32 -> 49 | H32: 15 | J32: =F32-G32-H32-I32 -> 34
A33: ='Company Stock '!A34 -> Win Max Plus | B33: ='Company Stock '!B34 -> 50ml | C33: 91 | F33: =C33+D33+E33 -> 91 | J33: =F33-G33-H33-I33 -> 91
A34: ='Company Stock '!A35 -> Win Max Plus | B34: ='Company Stock '!B35 -> 200ml | C34: 215 | E34: 96 | F34: =C34+D34+E34 -> 311 | H34: 51 | J34: =F34-G34-H34-I34 -> 260
A35: ='Company Stock '!A36 -> Win Pro Aqua | B35: ='Company Stock '!B36 -> 100gm | C35: 94 | F35: =C35+D35+E35 -> 94 | J35: =F35-G35-H35-I35 -> 94
A36: ='Company Stock '!A37 -> Win Pro Aqua | B36: ='Company Stock '!B37 -> 200gm | C36: 130 | F36: =C36+D36+E36 -> 130 | H36: 47 | J36: =F36-G36-H36-I36 -> 83
A37: ='Company Stock '!A38 -> Winxide Aqua | B37: ='Company Stock '!B38 -> 100ml | C37: 0 | F37: =C37+D37+E37 -> 0 | J37: =F37-G37-H37-I37 -> 0
A38: ='Company Stock '!A39 -> Winxide Aqua | B38: ='Company Stock '!B39 -> 500ml | C38: 129 | F38: =C38+D38+E38 -> 129 | J38: =F38-G38-H38-I38 -> 129
A43: Assigned Officer | K43: Zone Incharge

Sheet Bogra
A1: WINTECH AGRO BANGLADESH
A2: House # 20, Road # 18, Sector # 14, Uttara, Dhaka-1230, Bangladesh.
A3: Monthly Zonal Product Storage & Dispose
A4: Month of November 2025 | K4: Zone : Bogra
A5: Name Of Product | B5: Pack | C5: Previous | D5: Received | E5: Return | F5: Total | G5: Transfer | H5: Sales | I5: Bonus | J5: Present | K5: Remarks
B6: Size | C6: Stock | D6: Quentity | E6: Quantity | F6: Quantity | G6: Quantity | H6: Quantity | I6: Quantity | J6: Balance
A7: ='Company Stock '!A8 -> Aqua Amla | B7: ='Company Stock '!B8 -> 100gm | C7: 110 | F7: =C7+D7+E7 -> 110 | J7: =F7-G7-H7-I7 -> 110
A8: ='Company Stock '!A9 -> Aqua Amla | B8: ='Company Stock '!B9 -> 500gm | C8: 48 | F8: =C8+D8+E8 -> 48 | J8: =F8-G8-H8-I8 -> 48
A9: ='Company Stock '!A10 -> Aqua Milk Premium | B9: ='Company Stock '!B10 -> 500gm | C9: 119 | F9: =C9+D9+E9 -> 119 | J9: =F9-G9-H9-I9 -> 119
A10: ='Company Stock '!A11 -> Aqua Safe Plus | B10: ='Company Stock '!B11 -> 5kg | C10: 36 | F10: =C10+D10+E10 -> 36 | J10: =F10-G10-H10-I10 -> 36
A11: ='Company Stock '!A12 -> Bencidal Plus | B11: ='Company Stock '!B12 -> 100ml | C11: 103 | F11: =C11+D11+E11 -> 103 | J11: =F11-G11-H11-I11 -> 103
A12: ='Company Stock '!A13 -> Bencidal Plus | B12: ='Company Stock '!B13 -> 500ml | C12: 74 | F12: =C12+D12+E12 -> 74 | J12: =F12-G12-H12-I12 -> 74
A13: ='Company Stock '!A14 -> Bottom Light | B13: ='Company Stock '!B14 -> 100gm | C13: 108 | F13: =C13+D13+E13 -> 108 | H13: 20 | I13: 1 | J13: =F13-G13-H13-I13 -> 87
A14: ='Company Stock '!A15 -> Bottom Light | B14: ='Company Stock '!B15 -> 500gm | C14: 26 | F14: =C14+D14+E14 -> 26 | J14: =F14-G14-H14-I14 -> 26
A15: ='Company Stock '!A16 -> Brood Plus | B15: ='Company Stock '!B16 -> 500gm | C15: 34 | F15: =C15+D15+E15 -> 34 | J15: =F15-G15-H15-I15 -> 34
A16: ='Company Stock '!A17 -> Eco Fresh | B16: ='Company Stock '!B17 -> 1kg | C16: 88 | F16: =C16+D16+E16 -> 88 | J16: =F16-G16-H16-I16 -> 88
A17: ='Company Stock '!A18 -> Eco Fresh Plus | B17: ='Company Stock '!B18 -> 1kg | C17: 126 | F17: =C17+D17+E17 -> 126 | H17: 10 | J17: =F17-G17-H17-I17 -> 116
A18: ='Company Stock '!A19 -> Energy Flow | B18: ='Company Stock '!B19 -> 500gm | C18: 48 | F18: =C18+D18+E18 -> 48 | J18: =F18-G18-H18-I18 -> 48
A19: ='Company Stock '!A20 -> Enrosef | B19: ='Company Stock '!B20 -> 100ml | C19: 0 | F19: =C19+D19+E19 -> 0 | J19: =F19-G19-H19-I19 -> 0
A20: ='Company Stock '!A21 -> Enrosef | B20: ='Company Stock '!B21 -> 500ml | C20: 0 | F20: =C20+D20+E20 -> 0 | J20: =F20-G20-H20-I20 -> 0
A21: ='Company Stock '!A22 -> Erostep | B21: ='Company Stock '!B22 -> 100gm | C21: 0 | F21: =C21+D21+E21 -> 0 | J21: =F21-G21-H21-I21 -> 0
A22: ='Company Stock '!A23 -> Green Vita | B22: ='Company Stock '!B23 -> 500gm | C22: 68 | F22: =C22+D22+E22 -> 68 | J22: =F22-G22-H22-I22 -> 68
A23: ='Company Stock '!A24 -> Liver Win | B23: ='Company Stock '!B24 -> 500ml | C23: 0 | F23: =C23+D23+E23 -> 0 | J23: =F23-G23-H23-I23 -> 0
A24: ='Company Stock '!A25 -> Oxy-win (Granular) | B24: ='Company Stock '!B25 -> 1kg | C24: 14 | F24: =C24+D24+E24 -> 14 | J24: =F24-G24-H24-I24 -> 14
A25: ='Company Stock '!A26 -> Oxy-win (Tablet) | B25: ='Company Stock '!B26 -> 1kg | C25: 14 | F25: =C25+D25+E25 -> 14 | J25: =F25-G25-H25-I25 -> 14
A26: ='Company Stock '!A27 -> Pro Yucca for Fish | B26: ='Company Stock '!B27 -> 100ml | C26: 80 | F26: =C26+D26+E26 -> 80 | J26: =F26-G26-H26-I26 -> 80
A27: ='Company Stock '!A28 -> Pro Yucca for Fish | B27: ='Company Stock '!B28 -> 500ml | C27: 42 | F27: =C27+D27+E27 -> 42 | J27: =F27-G27-H27-I27 -> 42
A28: ='Company Stock '!A29 -> Vitafort Aqua | B28: ='Company Stock '!B29 -> 500gm | C28: 0 | F28: =C28+D28+E28 -> 0 | J28: =F28-G28-H28-I28 -> 0
A29: ='Company Stock '!A30 -> Vitazyme Aqua | B29: ='Company Stock '!B30 -> 500gm | C29: 97 | F29: =C29+D29+E29 -> 97 | J29: =F29-G29-H29-I29 -> 97
A30: ='Company Stock '!A31 -> Win C | B30: ='Company Stock '!B31 -> 100gm | C30: 0 | F30: =C30+D30+E30 -> 0 | J30: =F30-G30-H30-I30 -> 0
A31: ='Company Stock '!A32 -> Win C | B31: ='Company Stock '!B32 -> 500gm | F31: =C31+D31+E31 -> 0 | J31: =F31-G31-H31-I31 -> 0
A32: ='Company Stock '!A33 -> Win Health | B32: ='Company Stock '!B33 -> 500ml | C32: 33 | F32: =C32+D32+E32 -> 33 | H32: 5 | J32: =F32-G32-H32-I32 -> 28
A33: ='Company Stock '!A34 -> Win Max Plus | B33: ='Company Stock '!B34 -> 50ml | C33: 322 | F33: =C33+D33+E33 -> 322 | H33: 70 | I33: 4 | J33: =F33-G33-H33-I33 -> 248
A34: ='Company Stock '!A35 -> Win Max Plus | B34: ='Company Stock '!B35 -> 200ml | C34: 55 | F34: =C34+D34+E34 -> 55 | J34: =F34-G34-H34-I34 -> 55
A35: ='Company Stock '!A36 -> Win Pro Aqua | B35: ='Company Stock '!B36 -> 100gm | C35: 52 | F35: =C35+D35+E35 -> 52 | J35: =F35-G35-H35-I35 -> 52
A36: ='Company Stock '!A37 -> Win Pro Aqua | B36: ='Company Stock '!B37 -> 200gm | C36: 71 | F36: =C36+D36+E36 -> 71 | J36: =F36-G36-H36-I36 -> 71
A37: ='Company Stock '!A38 -> Winxide Aqua | B37: ='Company Stock '!B38 -> 100ml | C37: 89 | F37: =C37+D37+E37 -> 89 | J37: =F37-G37-H37-I37 -> 89
A38: ='Company Stock '!A39 -> Winxide Aqua | B38: ='Company Stock '!B39 -> 500ml | C38: 20 | F38: =C38+D38+E38 -> 20 | J38: =F38-G38-H38-I38 -> 20
A42: Assigned Officer | K42: Zone Incharge

Sheet Feni 
A1: WINTECH AGRO BANGLADESH
A2: House # 20, Road # 18, Sector # 14, Uttara, Dhaka-1230, Bangladesh.
A3: Monthly Zonal Product Storage & Dispose
A4: Month of November 2025 | K4: Zone : Feni
A5: Name Of Product | B5: Pack | C5: Previous | D5: Received | E5: Return | F5: Total | G5: Transfer | H5: Sales | I5: Bonus | J5: Present | K5: Remarks
B6: Size | C6: Stock | D6: Quentity | E6: Quantity | F6: Quantity | G6: Quantity | H6: Quantity | I6: Quantity | J6: Balance
A7: ='Company Stock '!A8 -> Aqua Amla | B7: ='Company Stock '!B8 -> 100gm | C7: 0 | F7: =C7+D7+E7 -> 0 | J7: =F7-G7-H7-I7 -> 0
A8: ='Company Stock '!A9 -> Aqua Amla | B8: ='Company Stock '!B9 -> 500gm | C8: 80 | F8: =C8+D8+E8 -> 80 | J8: =F8-G8-H8-I8 -> 80
A9: ='Company Stock '!A10 -> Aqua Milk Premium | B9: ='Company Stock '!B10 -> 500gm | C9: 80 | F9: =C9+D9+E9 -> 80 | J9: =F9-G9-H9-I9 -> 80
A10: ='Company Stock '!A11 -> Aqua Safe Plus | B10: ='Company Stock '!B11 -> 5kg | C10: 36 | D10: 60 | F10: =C10+D10+E10 -> 96 | H10: 32 | J10: =F10-G10-H10-I10 -> 64
A11: ='Company Stock '!A12 -> Bencidal Plus | B11: ='Company Stock '!B12 -> 100ml | C11: 0 | F11: =C11+D11+E11 -> 0 | J11: =F11-G11-H11-I11 -> 0
A12: ='Company Stock '!A13 -> Bencidal Plus | B12: ='Company Stock '!B13 -> 500ml | C12: 108 | D12: 150 | F12: =C12+D12+E12 -> 258 | H12: 45 | J12: =F12-G12-H12-I12 -> 213
A13: ='Company Stock '!A14 -> Bottom Light | B13: ='Company Stock '!B14 -> 100gm | C13: 70 | F13: =C13+D13+E13 -> 70 | J13: =F13-G13-H13-I13 -> 70
A14: ='Company Stock '!A15 -> Bottom Light | B14: ='Company Stock '!B15 -> 500gm | C14: 151 | F14: =C14+D14+E14 -> 151 | H14: 32 | J14: =F14-G14-H14-I14 -> 119
A15: ='Company Stock '!A16 -> Brood Plus | B15: ='Company Stock '!B16 -> 500gm | C15: 48 | F15: =C15+D15+E15 -> 48 | J15: =F15-G15-H15-I15 -> 48
A16: ='Company Stock '!A17 -> Eco Fresh | B16: ='Company Stock '!B17 -> 1kg | C16: 35 | F16: =C16+D16+E16 -> 35 | J16: =F16-G16-H16-I16 -> 35
A17: ='Company Stock '!A18 -> Eco Fresh Plus | B17: ='Company Stock '!B18 -> 1kg | C17: 120 | D17: 150 | F17: =C17+D17+E17 -> 270 | H17: 60 | J17: =F17-G17-H17-I17 -> 210
A18: ='Company Stock '!A19 -> Energy Flow | B18: ='Company Stock '!B19 -> 500gm | C18: 96 | F18: =C18+D18+E18 -> 96 | J18: =F18-G18-H18-I18 -> 96
A19: ='Company Stock '!A20 -> Enrosef | B19: ='Company Stock '!B20 -> 100ml | C19: 0 | F19: =C19+D19+E19 -> 0 | J19: =F19-G19-H19-I19 -> 0
A20: ='Company Stock '!A21 -> Enrosef | B20: ='Company Stock '!B21 -> 500ml | C20: 0 | F20: =C20+D20+E20 -> 0 | J20: =F20-G20-H20-I20 -> 0
A21: ='Company Stock '!A22 -> Erostep | B21: ='Company Stock '!B22 -> 100gm | C21: 0 | F21: =C21+D21+E21 -> 0 | J21: =F21-G21-H21-I21 -> 0
A22: ='Company Stock '!A23 -> Green Vita | B22: ='Company Stock '!B23 -> 500gm | C22: 0 | D22: 40 | F22: =C22+D22+E22 -> 40 | J22: =F22-G22-H22-I22 -> 40
A23: ='Company Stock '!A24 -> Liver Win | B23: ='Company Stock '!B24 -> 500ml | C23: 83 | F23: =C23+D23+E23 -> 83 | H23: 15 | J23: =F23-G23-H23-I23 -> 68
A24: ='Company Stock '!A25 -> Oxy-win (Granular) | B24: ='Company Stock '!B25 -> 1kg | C24: 40 | F24: =C24+D24+E24 -> 40 | J24: =F24-G24-H24-I24 -> 40
A25: ='Company Stock '!A26 -> Oxy-win (Tablet) | B25: ='Company Stock '!B26 -> 1kg | C25: 30 | F25: =C25+D25+E25 -> 30 | J25: =F25-G25-H25-I25 -> 30
A26: ='Company Stock '!A27 -> Pro Yucca for Fish | B26: ='Company Stock '!B27 -> 100ml | C26: 80 | F26: =C26+D26+E26 -> 80 | J26: =F26-G26-H26-I26 -> 80
A27: ='Company Stock '!A28 -> Pro Yucca for Fish | B27: ='Company Stock '!B28 -> 500ml | C27: 59 | F27: =C27+D27+E27 -> 59 | J27: =F27-G27-H27-I27 -> 59
A28: ='Company Stock '!A29 -> Vitafort Aqua | B28: ='Company Stock '!B29 -> 500gm | C28: 10 | D28: 100 | F28: =C28+D28+E28 -> 110 | H28: 60 | J28: =F28-G28-H28-I28 -> 50
A29: ='Company Stock '!A30 -> Vitazyme Aqua | B29: ='Company Stock '!B30 -> 500gm | C29: 64 | F29: =C29+D29+E29 -> 64 | G29: 20 | J29: =F29-G29-H29-I29 -> 44
A30: ='Company Stock '!A31 -> Win C | B30: ='Company Stock '!B31 -> 100gm | C30: 0 | F30: =C30+D30+E30 -> 0 | J30: =F30-G30-H30-I30 -> 0
A31: ='Company Stock '!A32 -> Win C | B31: ='Company Stock '!B32 -> 500gm | C31: 0 | F31: =C31+D31+E31 -> 0 | J31: =F31-G31-H31-I31 -> 0
A32: ='Company Stock '!A33 -> Win Health | B32: ='Company Stock '!B33 -> 500ml | C32: =75+23 -> 98 | F32: =C32+D32+E32 -> 98 | G32: 75 | J32: =F32-G32-H32-I32 -> 23
A33: ='Company Stock '!A34 -> Win Max Plus | B33: ='Company Stock '!B34 -> 50ml | C33: =310+103 -> 413 | F33: =C33+D33+E33 -> 413 | G33: 198 | J33: =F33-G33-H33-I33 -> 215
A34: ='Company Stock '!A35 -> Win Max Plus | B34: ='Company Stock '!B35 -> 200ml | C34: 265 | F34: =C34+D34+E34 -> 265 | H34: 107 | J34: =F34-G34-H34-I34 -> 158
A35: ='Company Stock '!A36 -> Win Pro Aqua | B35: ='Company Stock '!B36 -> 100gm | C35: 199 | F35: =C35+D35+E35 -> 199 | J35: =F35-G35-H35-I35 -> 199
A36: ='Company Stock '!A37 -> Win Pro Aqua | B36: ='Company Stock '!B37 -> 200gm | C36: 205 | F36: =C36+D36+E36 -> 205 | G36: 47 | H36: 45 | J36: =F36-G36-H36-I36 -> 113
A37: ='Company Stock '!A38 -> Winxide Aqua | B37: ='Company Stock '!B38 -> 100ml | C37: 34 | F37: =C37+D37+E37 -> 34 | J37: =F37-G37-H37-I37 -> 34
A38: ='Company Stock '!A39 -> Winxide Aqua | B38: ='Company Stock '!B39 -> 500ml | C38: 139 | F38: =C38+D38+E38 -> 139 | J38: =F38-G38-H38-I38 -> 139
A42: Assigned Officer | K42: Zone Incharge
