Workbook

Sheet Company Stock 
A2: WINTECH AGRO BANGLADESH
A3: House #20, Road #18, Sector #14, Uttara, Dhaka-1230,Bangladesh.
A4: Company Stock Report October -2025
A6: Name of | B6: Pack | C6: Cumilla | D6: Mymensingh | E6: Bogra | F6: Jessore | G6: Feni | H6: Total | I6: Remarks
A7: The Products | B7: Size | C7: Stock | D7: Stock | E7: Stock | F7: Stock | G7: Stock | H7: Quantity
A8: Aqua Amla | B8: 100gm | C8: ='Cumilla '!J7 -> 180 | D8: ='Mymensing '!J7 -> 531 | E8: =Bogra!J7 -> 110 | F8: ='Jessore '!J7 -> 0 | G8: ='Feni '!J7 -> 0 | H8: =SUM(C8:G8) -> 821
A9: Aqua Amla | B9: 500gm | C9: ='Cumilla '!J8 -> 130 | D9: ='Mymensing '!J8 -> 295 | E9: =Bogra!J8 -> 48 | F9: ='Jessore '!J8 -> 150 | G9: ='Feni '!J8 -> 80 | H9: =SUM(C9:G9) -> 703
A10: Aqua Milk Premium | B10: 500gm | C10: ='Cumilla '!J9 -> 4595 | D10: ='Mymensing '!J9 -> 421 | E10: =Bogra!J9 -> 119 | F10: ='Jessore '!J9 -> 147 | G10: ='Feni '!J9 -> 80 | H10: =SUM(C10:G10) -> 5362
A11: Aqua Safe Plus | B11: 5kg | C11: ='Cumilla '!J10 -> 54 | D11: ='Mymensing '!J10 -> 185 | E11: =Bogra!J10 -> 36 | F11: ='Jessore '!J10 -> 101 | G11: ='Feni '!J10 -> 36 | H11: =SUM(C11:G11) -> 412
A12: Bencidal Plus | B12: 100ml | C12: ='Cumilla '!J11 -> 2936 | D12: ='Mymensing '!J11 -> 656 | E12: =Bogra!J11 -> 103 | F12: ='Jessore '!J11 -> 124 | G12: ='Feni '!J11 -> 0 | H12: =SUM(C12:G12) -> 3819
A13: Bencidal Plus | B13: 500ml | C13: ='Cumilla '!J12 -> 1119 | D13: ='Mymensing '!J12 -> 208 | E13: =Bogra!J12 -> 74 | F13: ='Jessore '!J12 -> 294 | G13: ='Feni '!J12 -> 108 | H13: =SUM(C13:G13) -> 1803
A14: Bottom Light | B14: 100gm | C14: ='Cumilla '!J13 -> 2076 | D14: ='Mymensing '!J13 -> 605 | E14: =Bogra!J13 -> 108 | F14: ='Jessore '!J13 -> 64 | G14: ='Feni '!J13 -> 70 | H14: =SUM(C14:G14) -> 2923
A15: Bottom Light | B15: 500gm | C15: ='Cumilla '!J14 -> 938 | D15: ='Mymensing '!J14 -> 260 | E15: =Bogra!J14 -> 26 | F15: ='Jessore '!J14 -> 103 | G15: ='Feni '!J14 -> 151 | H15: =SUM(C15:G15) -> 1478
A16: Brood Plus | B16: 500gm | C16: ='Cumilla '!J15 -> 515 | D16: ='Mymensing '!J15 -> 177 | E16: =Bogra!J15 -> 34 | F16: ='Jessore '!J15 -> 32 | G16: ='Feni '!J15 -> 48 | H16: =SUM(C16:G16) -> 806
A17: Eco Fresh | B17: 1kg | C17: ='Cumilla '!J16 -> 81 | D17: ='Mymensing '!J16 -> 810 | E17: =Bogra!J16 -> 88 | F17: ='Jessore '!J16 -> 19 | G17: ='Feni '!J16 -> 35 | H17: =SUM(C17:G17) -> 1033
A18: Eco Fresh Plus | B18: 1kg | C18: ='Cumilla '!J17 -> 658 | D18: ='Mymensing '!J17 -> 207 | E18: =Bogra!J17 -> 126 | F18: ='Jessore '!J17 -> 66 | G18: ='Feni '!J17 -> 120 | H18: =SUM(C18:G18) -> 1177
A19: Energy Flow | B19: 500gm | C19: ='Cumilla '!J18 -> 131 | D19: ='Mymensing '!J18 -> 485 | E19: =Bogra!J18 -> 48 | F19: ='Jessore '!J18 -> 192 | G19: ='Feni '!J18 -> 96 | H19: =SUM(C19:G19) -> 952
... A39: Winxide Aqua | B39: 500ml | C39: ='Cumilla '!J38 -> 116 | D39: ='Mymensing '!J38 -> 178 | E39: =Bogra!J38 -> 20 | F39: ='Jessore '!J38 -> 129 | G39: ='Feni '!J38 -> 139 | H39: =SUM(C39:G39) -> 582
C40: ='Cumilla '!J39 -> 0 | D40: ='Mymensing '!J39 -> 0 | E40: =Bogra!J39 -> 0 | F40: ='Jessore '!J39 -> 0 | G40: ='Feni '!J39 -> 0 | H40: =SUM(C40:G40) -> 0
A41: Total:- | C41: =SUM(C8:C40) -> 25273 | D41: =SUM(D8:D40) -> 9118 | E41: =SUM(E8:E39) -> 1877 | F41: =SUM(F8:F39) -> 2736.5 | G41: =SUM(G8:G39) -> 2158 | H41: =SUM(H8:H40) -> 41162.5
A46: Accounts Dept. | D46: Checked By | I46: Managing Partner

Sheet Cumilla 
A1: WINTECH AGRO BANGLADESH
A2: House # 20, Road # 18, Sector # 14, Uttara, Dhaka-1230, Bangladesh.
A3: Monthly Zonal Product Storage & Dispose
A4: Month of October 2025 | K4: Zone : Cumilla
A5: Name Of Product | B5: Pack | C5: Previous | D5: Received | E5: Return | F5: Total | G5: Transfer | H5: Sales | I5: Bonus | J5: Present | K5: Remarks
B6: Size | C6: Stock | D6: Quentity | E6: Quantity | F6: Quantity | G6: Quantity | H6: Quantity | I6: Quantity | J6: Balance
A7: ='Company Stock '!A8 -> Aqua Amla | B7: ='Company Stock '!B8 -> 100gm | C7: 180 | F7: =C7+D7+E7 -> 180 | J7: =F7-G7-H7-I7 -> 180
A8: ='Company Stock '!A9 -> Aqua Amla | B8: ='Company Stock '!B9 -> 500gm | C8: 154 | F8: =C8+D8+E8 -> 154 | H8: 24 | J8: =F8-G8-H8-I8 -> 130
A9: ='Company Stock '!A10 -> Aqua Milk Premium | B9: ='Company Stock '!B10 -> 500gm | C9: 4638 | F9: =C9+D9+E9 -> 4638 | H9: 42 | I9: 1 | J9: =F9-G9-H9-I9 -> 4595
A10: ='Company Stock '!A11 -> Aqua Safe Plus | B10: ='Company Stock '!B11 -> 5kg | C10: 207 | F10: =C10+D10+E10 -> 207 | H10: 41 | I10: 112 | J10: =F10-G10-H10-I10 -> 54
A11: ='Company Stock '!A12 -> Bencidal Plus | B11: ='Company Stock '!B12 -> 100ml | C11: 2941 | F11: =C11+D11+E11 -> 2941 | H11: 5 | J11: =F11-G11-H11-I11 -> 2936
A12: ='Company Stock '!A13 -> Bencidal Plus | B12: ='Company Stock '!B13 -> 500ml | C12: 1370 | F12: =C12+D12+E12 -> 1370 | G12: 150 | H12: 99 | I12: 2 | J12: =F12-G12-H12-I12 -> 1119
A13: ='Company Stock '!A14 -> Bottom Light | B13: ='Company Stock '!B14 -> 100gm | C13: 2099 | D13: 27 | F13: =C13+D13+E13 -> 2126 | H13: 50 | J13: =F13-G13-H13-I13 -> 2076
A14: ='Company Stock '!A15 -> Bottom Light | B14: ='Company Stock '!B15 -> 500gm | C14: 1065 | D14: 19 | F14: =C14+D14+E14 -> 1084 | G14: 75 | H14: 71 | J14: =F14-G14-H14-I14 -> 938
A15: ='Company Stock '!A16 -> Brood Plus | B15: ='Company Stock '!B16 -> 500gm | C15: 515 | F15: =C15+D15+E15 -> 515 | J15: =F15-G15-H15-I15 -> 515
A16: ='Company Stock '!A17 -> Eco Fresh | B16: ='Company Stock '!B17 -> 1kg | C16: 81 | F16: =C16+D16+E16 -> 81 | J16: =F16-G16-H16-I16 -> 81
A17: ='Company Stock '!A18 -> Eco Fresh Plus | B17: ='Company Stock '!B18 -> 1kg | C17: 1048 | E17: 5 | F17: =C17+D17+E17 -> 1053 | G17: 375 | H17: 20 | J17: =F17-G17-H17-I17 -> 658
A18: ='Company Stock '!A19 -> Energy Flow | B18: ='Company Stock '!B19 -> 500gm | C18: 205 | F18: =C18+D18+E18 -> 205 | H18: 74 | J18: =F18-G18-H18-I18 -> 131
A19: ='Company Stock '!A20 -> Enrosef | B19: ='Company Stock '!B20 -> 100ml | C19: 21 | F19: =C19+D19+E19 -> 21 | H19: 21 | J19: =F19-G19-H19-I19 -> 0
A20: ='Company Stock '!A21 -> Enrosef | B20: ='Company Stock '!B21 -> 500ml | C20: 8 | E20: 4 | F20: =C20+D20+E20 -> 12 | H20: 3 | J20: =F20-G20-H20-I20 -> 9
A21: ='Company Stock '!A22 -> Erostep | B21: ='Company Stock '!B22 -> 100gm | C21: 212 | F21: =C21+D21+E21 -> 212 | H21: 210 | I21: 1 | J21: =F21-G21-H21-I21 -> 1
A22: ='Company Stock '!A23 -> Green Vita | B22: ='Company Stock '!B23 -> 500gm | C22: 126 | E22: 10 | F22: =C22+D22+E22 -> 136 | H22: 10 | J22: =F22-G22-H22-I22 -> 126
A23: ='Company Stock '!A24 -> Liver Win | B23: ='Company Stock '!B24 -> 500ml | C23: 159 | F23: =C23+D23+E23 -> 159 | H23: 35 | J23: =F23-G23-H23-I23 -> 124
A24: ='Company Stock '!A25 -> Oxy-win (Granular) | B24: ='Company Stock '!B25 -> 1kg | C24: 243 | F24: =C24+D24+E24 -> 243 | J24: =F24-G24-H24-I24 -> 243
A25: ='Company Stock '!A26 -> Oxy-win (Tablet) | B25: ='Company Stock '!B26 -> 1kg | C25: 4480 | F25: =C25+D25+E25 -> 4480 | H25: 26 | I25: 1 | J25: =F25-G25-H25-I25 -> 4453
A26: ='Company Stock '!A27 -> Pro Yucca for Fish | B26: ='Company Stock '!B27 -> 100ml | C26: 1831 | E26: 9 | F26: =C26+D26+E26 -> 1840 | H26: 44 | I26: 1 | J26: =F26-G26-H26-I26 -> 1795
A27: ='Company Stock '!A28 -> Pro Yucca for Fish | B27: ='Company Stock '!B28 -> 500ml | C27: 410 | F27: =C27+D27+E27 -> 410 | H27: 28 | J27: =F27-G27-H27-I27 -> 382
A28: ='Company Stock '!A29 -> Vitafort Aqua | B28: ='Company Stock '!B29 -> 500gm | C28: 0 | F28: =C28+D28+E28 -> 0 | J28: =F28-G28-H28-I28 -> 0
A29: ='Company Stock '!A30 -> Vitazyme Aqua | B29: ='Company Stock '!B30 -> 500gm | C29: 144 | F29: =C29+D29+E29 -> 144 | H29: 32 | J29: =F29-G29-H29-I29 -> 112
A30: ='Company Stock '!A31 -> Win C | B30: ='Company Stock '!B31 -> 100gm | C30: 633 | F30: =C30+D30+E30 -> 633 | H30: 160 | I30: 8 | J30: =F30-G30-H30-I30 -> 465
A31: ='Company Stock '!A32 -> Win C | B31: ='Company Stock '!B32 -> 500gm | C31: 0 | F31: =C31+D31+E31 -> 0 | J31: =F31-G31-H31-I31 -> 0
A32: ='Company Stock '!A33 -> Win Health | B32: ='Company Stock '!B33 -> 500ml | C32: 852 | E32: 4 | F32: =C32+D32+E32 -> 856 | J32: =F32-G32-H32-I32 -> 856
A33: ='Company Stock '!A34 -> Win Max Plus | B33: ='Company Stock '!B34 -> 50ml | C33: 385 | D33: 200 | F33: =C33+D33+E33 -> 585 | H33: 167 | I33: 6 | J33: =F33-G33-H33-I33 -> 412
A34: ='Company Stock '!A35 -> Win Max Plus | B34: ='Company Stock '!B35 -> 200ml | C34: 173 | D34: 296 | F34: =C34+D34+E34 -> 469 | G34: 144 | H34: 251 | I34: 6 | J34: =F34-G34-H34-I34 -> 68
A35: ='Company Stock '!A36 -> Win Pro Aqua | B35: ='Company Stock '!B36 -> 100gm | C35: 558 | F35: =C35+D35+E35 -> 558 | H35: 22 | J35: =F35-G35-H35-I35 -> 536
A36: ='Company Stock '!A37 -> Win Pro Aqua | B36: ='Company Stock '!B37 -> 200gm | C36: 2310 | F36: =C36+D36+E36 -> 2310 | G36: 135 | H36: 28 | J36: =F36-G36-H36-I36 -> 2147
A37: ='Company Stock '!A38 -> Winxide Aqua | B37: ='Company Stock '!B38 -> 100ml | C37: 263 | F37: =C37+D37+E37 -> 263 | G37: 180 | H37: 66 | I37: 2 | J37: =F37-G37-H37-I37 -> 15
A38: ='Company Stock '!A39 -> Winxide Aqua | B38: ='Company Stock '!B39 -> 500ml | C38: 126 | D38: 144 | F38: =C38+D38+E38 -> 270 | H38: 154 | J38: =F38-G38-H38-I38 -> 116
A42: Assigned Officer | K42: Zone Incharge

Sheet Mymensing 
A1: WINTECH AGRO BANGLADESH
A2: House # 20, Road # 18, Sector # 14, Uttara, Dhaka-1230, Bangladesh.
A3: Monthly Zonal Product Storage & Dispose
A4: Month of October 2025 | K4: Zone : Mymensingh
A5: Name Of Product | B5: Pack | C5: Previous | D5: Received | E5: Return | F5: Total | G5: Transfer | H5: Sales | I5: Bonus | J5: Present | K5: Remarks
B6: Size | C6: Stock | D6: Quentity | E6: Quantity | F6: Quantity | G6: Quantity | H6: Quantity | I6: Quantity | J6: Balance
A7: ='Company Stock '!A8 -> Aqua Amla | B7: ='Company Stock '!B8 -> 100gm | C7: 517 | F7: =C7+D7+E7 -> 517 | J7: 531 | K7: 14
A8: ='Company Stock '!A9 -> Aqua Amla | B8: ='Company Stock '!B9 -> 500gm | C8: 292 | F8: =C8+D8+E8 -> 292 | H8: 5 | J8: 295 | K8: 8
A9: ='Company Stock '!A10 -> Aqua Milk Premium | B9: ='Company Stock '!B10 -> 500gm | C9: 464 | F9: =C9+D9+E9 -> 464 | H9: 47 | J9: 421 | K9: 4
A10: ='Company Stock '!A11 -> Aqua Safe Plus | B10: ='Company Stock '!B11 -> 5kg | C10: 272 | F10: =C10+D10+E10 -> 272 | H10: 67 | J10: 185 | K10: -20
A11: ='Company Stock '!A12 -> Bencidal Plus | B11: ='Company Stock '!B12 -> 100ml | C11: 765 | F11: =C11+D11+E11 -> 765 | H11: 133 | J11: 656 | K11: 24
A12: ='Company Stock '!A13 -> Bencidal Plus | B12: ='Company Stock '!B13 -> 500ml | C12: 227 | F12: =C12+D12+E12 -> 227 | H12: 23 | J12: 208 | K12: 4
A13: ='Company Stock '!A14 -> Bottom Light | B13: ='Company Stock '!B14 -> 100gm | C13: 822 | F13: =C13+D13+E13 -> 822 | H13: 236 | J13: 605 | K13: 19
A14: ='Company Stock '!A15 -> Bottom Light | B14: ='Company Stock '!B15 -> 500gm | C14: 308 | F14: =C14+D14+E14 -> 308 | H14: 55 | J14: 260 | K14: 7
A15: ='Company Stock '!A16 -> Brood Plus | B15: ='Company Stock '!B16 -> 500gm | C15: 182 | E15: 9 | F15: =C15+D15+E15 -> 191 | H15: 15 | J15: 177 | K15: 1
A16: ='Company Stock '!A17 -> Eco Fresh | B16: ='Company Stock '!B17 -> 1kg | C16: 810 | F16: =C16+D16+E16 -> 810 | J16: =F16-G16-H16-I16 -> 810 | K16: 10
A17: ='Company Stock '!A18 -> Eco Fresh Plus | B17: ='Company Stock '!B18 -> 1kg | C17: 285 | F17: =C17+D17+E17 -> 285 | H17: 88 | J17: 207 | K17: 18
A18: ='Company Stock '!A19 -> Energy Flow | B18: ='Company Stock '!B19 -> 500gm | C18: 500 | F18: =C18+D18+E18 -> 500 | H18: 33 | J18: 485
A19: ='Company Stock '!A20 -> Enrosef | B19: ='Company Stock '!B20 -> 100ml | C19: 0 | F19: =C19+D19+E19 -> 0 | J19: =F19-G19-H19-I19 -> 0
A20: ='Company Stock '!A21 -> Enrosef | B20: ='Company Stock '!B21 -> 500ml | C20: 12 | F20: =C20+D20+E20 -> 12 | G20: 6 | J20: =F20-G20-H20-I20 -> 6
A21: ='Company Stock '!A22 -> Erostep | B21: ='Company Stock '!B22 -> 100gm | C21: 50 | F21: =C21+D21+E21 -> 50 | H21: 10 | J21: =F21-G21-H21-I21 -> 40
A22: ='Company Stock '!A23 -> Green Vita | B22: ='Company Stock '!B23 -> 500gm | C22: 0 | F22: =C22+D22+E22 -> 0 | J22: =F22-G22-H22-I22 -> 0
A23: ='Company Stock '!A24 -> Liver Win | B23: ='Company Stock '!B24 -> 500ml | C23: 133 | F23: =C23+D23+E23 -> 133 | H23: 37 | J23: 98 | K23: 2
A24: ='Company Stock '!A25 -> Oxy-win (Granular) | B24: ='Company Stock '!B25 -> 1kg | C24: 154 | F24: =C24+D24+E24 -> 154 | H24: 21 | J24: 162 | K24: 29
A25: ='Company Stock '!A26 -> Oxy-win (Tablet) | B25: ='Company Stock '!B26 -> 1kg | C25: 276 | F25: =C25+D25+E25 -> 276 | H25: 21 | J25: 271 | K25: 16
A26: ='Company Stock '!A27 -> Pro Yucca for Fish | B26: ='Company Stock '!B27 -> 100ml | C26: 342 | F26: =C26+D26+E26 -> 342 | H26: 67 | J26: 294 | K26: 19
A27: ='Company Stock '!A28 -> Pro Yucca for Fish | B27: ='Company Stock '!B28 -> 500ml | C27: 60 | F27: =C27+D27+E27 -> 60 | H27: 5 | J27: =F27-G27-H27-I27 -> 55
A28: ='Company Stock '!A29 -> Vitafort Aqua | B28: ='Company Stock '!B29 -> 500gm | C28: 102 | F28: =C28+D28+E28 -> 102 | J28: 102
A29: ='Company Stock '!A30 -> Vitazyme Aqua | B29: ='Company Stock '!B30 -> 500gm | C29: 109 | D29: 18 | E29: 15 | F29: =C29+D29+E29 -> 142 | H29: 102 | J29: =F29-G29-H29-I29 -> 40
A30: ='Company Stock '!A31 -> Win C | B30: ='Company Stock '!B31 -> 100gm | C30: 0 | F30: =C30+D30+E30 -> 0 | J30: =F30-G30-H30-I30 -> 0
A31: ='Company Stock '!A32 -> Win C | B31: ='Company Stock '!B32 -> 500gm | C31: 0 | F31: =C31+D31+E31 -> 0 | J31: =F31-G31-H31-I31 -> 0
A32: ='Company Stock '!A33 -> Win Health | B32: ='Company Stock '!B33 -> 500ml | C32: 177 | E32: 10 | F32: =C32+D32+E32 -> 187 | H32: 105 | J32: 69 | K32: -13
A33: ='Company Stock '!A34 -> Win Max Plus | B33: ='Company Stock '!B34 -> 50ml | C33: 940 | F33: =C33+D33+E33 -> 940 | H33: 152 | J33: 888 | K33: 100
A34: ='Company Stock '!A35 -> Win Max Plus | B34: ='Company Stock '!B35 -> 200ml | C34: 132 | F34: =C34+D34+E34 -> 132 | H34: 47 | J34: 102 | K34: 17
A35: ='Company Stock '!A36 -> Win Pro Aqua | B35: ='Company Stock '!B36 -> 100gm | C35: 688 | F35: =C35+D35+E35 -> 688 | H35: 5 | J35: 726 | K35: 43
A36: ='Company Stock '!A37 -> Win Pro Aqua | B36: ='Company Stock '!B37 -> 200gm | C36: 597 | F36: =C36+D36+E36 -> 597 | H36: 5 | J36: 614 | K36: 22
A37: ='Company Stock '!A38 -> Winxide Aqua | B37: ='Company Stock '!B38 -> 100ml | C37: 668 | D37: 180 | F37: =C37+D37+E37 -> 848 | H37: 211 | J37: 633 | K37: -4
A38: ='Company Stock '!A39 -> Winxide Aqua | B38: ='Company Stock '!B39 -> 500ml | C38: 203 | F38: =C38+D38+E38 -> 203 | H38: 27 | J38: 178 | K38: 2
A43: Assigned Officer | K43: Zone Incharge

Sheet Bogra
A1: WINTECH AGRO BANGLADESH
A2: House # 20, Road # 18, Sector # 14, Uttara, Dhaka-1230, Bangladesh.
A3: Monthly Zonal Product Storage & Dispose
A4: Month of October 2025 | K4: Zone : Bogra
A5: Name Of Product | B5: Pack | C5: Previous | D5: Received | E5: Return | F5: Total | G5: Transfer | H5: Sales | I5: Bonus | J5: Present | K5: Remarks
B6: Size | C6: Stock | D6: Quentity | E6: Quantity | F6: Quantity | G6: Quantity | H6: Quantity | I6: Quantity | J6: Balance
A7: ='Company Stock '!A8 -> Aqua Amla | B7: ='Company Stock '!B8 -> 100gm | C7: 110 | F7: =C7+D7+E7 -> 110 | J7: =F7-G7-H7-I7 -> 110
A8: ='Company Stock '!A9 -> Aqua Amla | B8: ='Company Stock '!B9 -> 500gm | C8: 48 | F8: =C8+D8+E8 -> 48 | J8: =F8-G8-H8-I8 -> 48
A9: ='Company Stock '!A10 -> Aqua Milk Premium | B9: ='Company Stock '!B10 -> 500gm | C9: 160 | F9: =C9+D9+E9 -> 160 | H9: 41 | J9: =F9-G9-H9-I9 -> 119
A10: ='Company Stock '!A11 -> Aqua Safe Plus | B10: ='Company Stock '!B11 -> 5kg | C10: 36 | F10: =C10+D10+E10 -> 36 | J10: =F10-G10-H10-I10 -> 36
A11: ='Company Stock '!A12 -> Bencidal Plus | B11: ='Company Stock '!B12 -> 100ml | C11: 103 | F11: =C11+D11+E11 -> 103 | J11: =F11-G11-H11-I11 -> 103
A12: ='Company Stock '!A13 -> Bencidal Plus | B12: ='Company Stock '!B13 -> 500ml | C12: 71 | E12: 3 | F12: =C12+D12+E12 -> 74 | J12: =F12-G12-H12-I12 -> 74
A13: ='Company Stock '!A14 -> Bottom Light | B13: ='Company Stock '!B14 -> 100gm | C13: 126 | E13: 3 | F13: =C13+D13+E13 -> 129 | H13: 20 | I13: 1 | J13: =F13-G13-H13-I13 -> 108
A14: ='Company Stock '!A15 -> Bottom Light | B14: ='Company Stock '!B15 -> 500gm | C14: 26 | F14: =C14+D14+E14 -> 26 | J14: =F14-G14-H14-I14 -> 26
A15: ='Company Stock '!A16 -> Brood Plus | B15: ='Company Stock '!B16 -> 500gm | C15: 34 | F15: =C15+D15+E15 -> 34 | J15: =F15-G15-H15-I15 -> 34
A16: ='Company Stock '!A17 -> Eco Fresh | B16: ='Company Stock '!B17 -> 1kg | C16: 88 | F16: =C16+D16+E16 -> 88 | J16: =F16-G16-H16-I16 -> 88
A17: ='Company Stock '!A18 -> Eco Fresh Plus | B17: ='Company Stock '!B18 -> 1kg | C17: 141 | F17: =C17+D17+E17 -> 141 | H17: 15 | J17: =F17-G17-H17-I17 -> 126
A18: ='Company Stock '!A19 -> Energy Flow | B18: ='Company Stock '!B19 -> 500gm | C18: 48 | F18: =C18+D18+E18 -> 48 | J18: =F18-G18-H18-I18 -> 48
A19: ='Company Stock '!A20 -> Enrosef | B19: ='Company Stock '!B20 -> 100ml | C19: 0 | F19: =C19+D19+E19 -> 0 | J19: =F19-G19-H19-I19 -> 0
A20: ='Company Stock '!A21 -> Enrosef | B20: ='Company Stock '!B21 -> 500ml | C20: 0 | F20: =C20+D20+E20 -> 0 | J20: =F20-G20-H20-I20 -> 0
A21: ='Company Stock '!A22 -> Erostep | B21: ='Company Stock '!B22 -> 100gm | C21: 0 | F21: =C21+D21+E21 -> 0 | J21: =F21-G21-H21-I21 -> 0
A22: ='Company Stock '!A23 -> Green Vita | B22: ='Company Stock '!B23 -> 500gm | C22: 70 | F22: =C22+D22+E22 -> 70 | H22: 2 | J22: =F22-G22-H22-I22 -> 68
A23: ='Company Stock '!A24 -> Liver Win | B23: ='Company Stock '!B24 -> 500ml | C23: 0 | F23: =C23+D23+E23 -> 0 | J23: =F23-G23-H23-I23 -> 0
A24: ='Company Stock '!A25 -> Oxy-win (Granular) | B24: ='Company Stock '!B25 -> 1kg | C24: 14 | F24: =C24+D24+E24 -> 14 | J24: =F24-G24-H24-I24 -> 14
A25: ='Company Stock '!A26 -> Oxy-win (Tablet) | B25: ='Company Stock '!B26 -> 1kg | C25: =28/2 -> 14 | F25: =C25+D25+E25 -> 14 | J25: =F25-G25-H25-I25 -> 14
A26: ='Company Stock '!A27 -> Pro Yucca for Fish | B26: ='Company Stock '!B27 -> 100ml | C26: 80 | F26: =C26+D26+E26 -> 80 | J26: =F26-G26-H26-I26 -> 80
A27: ='Company Stock '!A28 -> Pro Yucca for Fish | B27: ='Company Stock '!B28 -> 500ml | C27: 38 | E27: 4 | F27: =C27+D27+E27 -> 42 | J27: =F27-G27-H27-I27 -> 42
A28: ='Company Stock '!A29 -> Vitafort Aqua | B28: ='Company Stock '!B29 -> 500gm | C28: 0 | F28: =C28+D28+E28 -> 0 | J28: =F28-G28-H28-I28 -> 0
A29: ='Company Stock '!A30 -> Vitazyme Aqua | B29: ='Company Stock '!B30 -> 500gm | C29: 95 | E29: 2 | F29: =C29+D29+E29 -> 97 | J29: =F29-G29-H29-I29 -> 97
A30: ='Company Stock '!A31 -> Win C | B30: ='Company Stock '!B31 -> 100gm | C30: 0 | F30: =C30+D30+E30 -> 0 | J30: =F30-G30-H30-I30 -> 0
A31: ='Company Stock '!A32 -> Win C | B31: ='Company Stock '!B32 -> 500gm | C31: 0 | F31: =C31+D31+E31 -> 0 | J31: =F31-G31-H31-I31 -> 0
A32: ='Company Stock '!A33 -> Win Health | B32: ='Company Stock '!B33 -> 500ml | C32: 36 | F32: =C32+D32+E32 -> 36 | H32: 3 | J32: =F32-G32-H32-I32 -> 33
A33: ='Company Stock '!A34 -> Win Max Plus | B33: ='Company Stock '!B34 -> 50ml | C33: 374 | F33: =C33+D33+E33 -> 374 | H33: 50 | I33: 2 | J33: =F33-G33-H33-I33 -> 322
A34: ='Company Stock '!A35 -> Win Max Plus | B34: ='Company Stock '!B35 -> 200ml | C34: 55 | F34: =C34+D34+E34 -> 55 | J34: =F34-G34-H34-I34 -> 55
A35: ='Company Stock '!A36 -> Win Pro Aqua | B35: ='Company Stock '!B36 -> 100gm | C35: 48 | E35: 4 | F35: =C35+D35+E35 -> 52 | J35: =F35-G35-H35-I35 -> 52
A36: ='Company Stock '!A37 -> Win Pro Aqua | B36: ='Company Stock '!B37 -> 200gm | C36: 71 | F36: =C36+D36+E36 -> 71 | J36: =F36-G36-H36-I36 -> 71
A37: ='Company Stock '!A38 -> Winxide Aqua | B37: ='Company Stock '!B38 -> 100ml | C37: 89 | F37: =C37+D37+E37 -> 89 | J37: =F37-G37-H37-I37 -> 89
A38: ='Company Stock '!A39 -> Winxide Aqua | B38: ='Company Stock '!B39 -> 500ml | C38: 20 | F38: =C38+D38+E38 -> 20 | J38: =F38-G38-H38-I38 -> 20
A42: Assigned Officer | K42: Zone Incharge

Sheet Jessore 
A1: WINTECH AGRO BANGLADESH
A2: House # 20, Road # 18, Sector # 14, Uttara, Dhaka-1230, Bangladesh.
A3: Monthly Zonal Product Storage & Dispose
A4: Month of October 2025 | K4: Zone : Jessore
A5: Name Of Product | B5: Pack | C5: Previous | D5: Received | E5: Return | F5: Total | G5: Transfer | H5: Sales | I5: Bonus | J5: Present | K5: Remarks
B6: Size | C6: Stock | D6: Quentity | E6: Quantity | F6: Quantity | G6: Quantity | H6: Quantity | I6: Quantity | J6: Balance
A7: ='Company Stock '!A8 -> Aqua Amla | B7: ='Company Stock '!B8 -> 100gm | C7: 0 | F7: =C7+D7+E7 -> 0 | J7: =F7-G7-H7-I7 -> 0
A8: ='Company Stock '!A9 -> Aqua Amla | B8: ='Company Stock '!B9 -> 500gm | C8: 150 | F8: =C8+D8+E8 -> 150 | J8: =F8-G8-H8-I8 -> 150
A9: ='Company Stock '!A10 -> Aqua Milk Premium | B9: ='Company Stock '!B10 -> 500gm | C9: 167 | F9: =C9+D9+E9 -> 167 | H9: 20 | J9: =F9-G9-H9-I9 -> 147
A10: ='Company Stock '!A11 -> Aqua Safe Plus | B10: ='Company Stock '!B11 -> 5kg | C10: 101 | F10: =C10+D10+E10 -> 101 | J10: =F10-G10-H10-I10 -> 101
A11: ='Company Stock '!A12 -> Bencidal Plus | B11: ='Company Stock '!B12 -> 100ml | C11: 124 | F11: =C11+D11+E11 -> 124 | J11: =F11-G11-H11-I11 -> 124
A12: ='Company Stock '!A13 -> Bencidal Plus | B12: ='Company Stock '!B13 -> 500ml | C12: 148 | E12: 167 | F12: =C12+D12+E12 -> 315 | H12: 21 | J12: =F12-G12-H12-I12 -> 294
A13: ='Company Stock '!A14 -> Bottom Light | B13: ='Company Stock '!B14 -> 100gm | C13: 64 | F13: =C13+D13+E13 -> 64 | J13: =F13-G13-H13-I13 -> 64
A14: ='Company Stock '!A15 -> Bottom Light | B14: ='Company Stock '!B15 -> 500gm | C14: 154 | F14: =C14+D14+E14 -> 154 | H14: 51 | J14: =F14-G14-H14-I14 -> 103
A15: ='Company Stock '!A16 -> Brood Plus | B15: ='Company Stock '!B16 -> 500gm | C15: 32 | F15: =C15+D15+E15 -> 32 | J15: =F15-G15-H15-I15 -> 32
A16: ='Company Stock '!A17 -> Eco Fresh | B16: ='Company Stock '!B17 -> 1kg | C16: 19 | F16: =C16+D16+E16 -> 19 | J16: =F16-G16-H16-I16 -> 19
A17: ='Company Stock '!A18 -> Eco Fresh Plus | B17: ='Company Stock '!B18 -> 1kg | C17: 156 | D17: 225 | F17: =C17+D17+E17 -> 381 | H17: 315 | J17: =F17-G17-H17-I17 -> 66
A18: ='Company Stock '!A19 -> Energy Flow | B18: ='Company Stock '!B19 -> 500gm | C18: 192 | F18: =C18+D18+E18 -> 192 | J18: =F18-G18-H18-I18 -> 192
A19: ='Company Stock '!A20 -> Enrosef | B19: ='Company Stock '!B20 -> 100ml | C19: 0 | F19: =C19+D19+E19 -> 0 | J19: =F19-G19-H19-I19 -> 0
A20: ='Company Stock '!A21 -> Enrosef | B20: ='Company Stock '!B21 -> 500ml | C20: 0 | F20: =C20+D20+E20 -> 0 | J20: =F20-G20-H20-I20 -> 0
A21: ='Company Stock '!A22 -> Erostep | B21: ='Company Stock '!B22 -> 100gm | C21: 39 | F21: =C21+D21+E21 -> 39 | J21: =F21-G21-H21-I21 -> 39
A22: ='Company Stock '!A23 -> Green Vita | B22: ='Company Stock '!B23 -> 500gm | C22: 0 | F22: =C22+D22+E22 -> 0 | J22: =F22-G22-H22-I22 -> 0
A23: ='Company Stock '!A24 -> Liver Win | B23: ='Company Stock '!B24 -> 500ml | C23: 38 | E23: 95 | F23: =C23+D23+E23 -> 133 | H23: 5 | J23: =F23-G23-H23-I23 -> 128
A24: ='Company Stock '!A25 -> Oxy-win (Granular) | B24: ='Company Stock '!B25 -> 1kg | C24: 30 | F24: =C24+D24+E24 -> 30 | J24: =F24-G24-H24-I24 -> 30
A25: ='Company Stock '!A26 -> Oxy-win (Tablet) | B25: ='Company Stock '!B26 -> 1kg | C25: 86.5 | F25: =C25+D25+E25 -> 86.5 | J25: =F25-G25-H25-I25 -> 86.5
A26: ='Company Stock '!A27 -> Pro Yucca for Fish | B26: ='Company Stock '!B27 -> 100ml | C26: 134 | F26: =C26+D26+E26 -> 134 | J26: =F26-G26-H26-I26 -> 134
A27: ='Company Stock '!A28 -> Pro Yucca for Fish | B27: ='Company Stock '!B28 -> 500ml | C27: 155 | E27: 61 | F27: =C27+D27+E27 -> 216 | H27: 21 | J27: =F27-G27-H27-I27 -> 195
A28: ='Company Stock '!A29 -> Vitafort Aqua | B28: ='Company Stock '!B29 -> 500gm | C28: 37 | F28: =C28+D28+E28 -> 37 | J28: =F28-G28-H28-I28 -> 37
A29: ='Company Stock '!A30 -> Vitazyme Aqua | B29: ='Company Stock '!B30 -> 500gm | C29: 123 | F29: =C29+D29+E29 -> 123 | H29: 36 | J29: =F29-G29-H29-I29 -> 87
A30: ='Company Stock '!A31 -> Win C | B30: ='Company Stock '!B31 -> 100gm | C30: 0 | F30: =C30+D30+E30 -> 0 | J30: =F30-G30-H30-I30 -> 0
A31: ='Company Stock '!A32 -> Win C | B31: ='Company Stock '!B32 -> 500gm | C31: 0 | F31: =C31+D31+E31 -> 0 | J31: =F31-G31-H31-I31 -> 0
A32: ='Company Stock '!A33 -> Win Health | B32: ='Company Stock '!B33 -> 500ml | C32: 64 | F32: =C32+D32+E32 -> 64 | H32: 15 | J32: =F32-G32-H32-I32 -> 49
A33: ='Company Stock '!A34 -> Win Max Plus | B33: ='Company Stock '!B34 -> 50ml | C33: 91 | F33: =C33+D33+E33 -> 91 | J33: =F33-G33-H33-I33 -> 91
A34: ='Company Stock '!A35 -> Win Max Plus | B34: ='Company Stock '!B35 -> 200ml | C34: 215 | F34: =C34+D34+E34 -> 215 | J34: =F34-G34-H34-I34 -> 215
A35: ='Company Stock '!A36 -> Win Pro Aqua | B35: ='Company Stock '!B36 -> 100gm | C35: 94 | F35: =C35+D35+E35 -> 94 | J35: =F35-G35-H35-I35 -> 94
A36: ='Company Stock '!A37 -> Win Pro Aqua | B36: ='Company Stock '!B37 -> 200gm | C36: 175 | F36: =C36+D36+E36 -> 175 | H36: 45 | J36: =F36-G36-H36-I36 -> 130
A37: ='Company Stock '!A38 -> Winxide Aqua | B37: ='Company Stock '!B38 -> 100ml | C37: 0 | F37: =C37+D37+E37 -> 0 | J37: =F37-G37-H37-I37 -> 0
A38: ='Company Stock '!A39 -> Winxide Aqua | B38: ='Company Stock '!B39 -> 500ml | C38: 71 | E38: 58 | F38: =C38+D38+E38 -> 129 | J38: =F38-G38-H38-I38 -> 129
A43: Assigned Officer | K43: Zone Incharge

Sheet Feni 
A1: WINTECH AGRO BANGLADESH
A2: House # 20, Road # 18, Sector # 14, Uttara, Dhaka-1230, Bangladesh.
A3: Monthly Zonal Product Storage & Dispose
A4: Month of October 2025 | K4: Zone : Feni
A5: Name Of Product | B5: Pack | C5: Previous | D5: Received | E5: Return | F5: Total | G5: Transfer | H5: Sales | I5: Bonus | J5: Present | K5: Remarks
B6: Size | C6: Stock | D6: Quentity | E6: Quantity | F6: Quantity | G6: Quantity | H6: Quantity | I6: Quantity | J6: Balance
A7: ='Company Stock '!A8 -> Aqua Amla | B7: ='Company Stock '!B8 -> 100gm | C7: 0 | F7: =C7+D7+E7 -> 0 | J7: =F7-G7-H7-I7 -> 0
A8: ='Company Stock '!A9 -> Aqua Amla | B8: ='Company Stock '!B9 -> 500gm | C8: 80 | F8: =C8+D8+E8 -> 80 | J8: =F8-G8-H8-I8 -> 80
A9: ='Company Stock '!A10 -> Aqua Milk Premium | B9: ='Company Stock '!B10 -> 500gm | C9: 80 | F9: =C9+D9+E9 -> 80 | J9: =F9-G9-H9-I9 -> 80
A10: ='Company Stock '!A11 -> Aqua Safe Plus | B10: ='Company Stock '!B11 -> 5kg | C10: 44 | F10: =C10+D10+E10 -> 44 | H10: 8 | J10: =F10-G10-H10-I10 -> 36
A11: ='Company Stock '!A12 -> Bencidal Plus | B11: ='Company Stock '!B12 -> 100ml | C11: 0 | F11: =C11+D11+E11 -> 0 | J11: =F11-G11-H11-I11 -> 0
A12: ='Company Stock '!A13 -> Bencidal Plus | B12: ='Company Stock '!B13 -> 500ml | C12: 115 | D12: 150 | F12: =C12+D12+E12 -> 265 | H12: 157 | J12: =F12-G12-H12-I12 -> 108
A13: ='Company Stock '!A14 -> Bottom Light | B13: ='Company Stock '!B14 -> 100gm | C13: 70 | F13: =C13+D13+E13 -> 70 | J13: =F13-G13-H13-I13 -> 70
A14: ='Company Stock '!A15 -> Bottom Light | B14: ='Company Stock '!B15 -> 500gm | C14: 76 | D14: 75 | F14: =C14+D14+E14 -> 151 | J14: =F14-G14-H14-I14 -> 151
A15: ='Company Stock '!A16 -> Brood Plus | B15: ='Company Stock '!B16 -> 500gm | C15: 48 | F15: =C15+D15+E15 -> 48 | J15: =F15-G15-H15-I15 -> 48
A16: ='Company Stock '!A17 -> Eco Fresh | B16: ='Company Stock '!B17 -> 1kg | C16: 35 | F16: =C16+D16+E16 -> 35 | J16: =F16-G16-H16-I16 -> 35
A17: ='Company Stock '!A18 -> Eco Fresh Plus | B17: ='Company Stock '!B18 -> 1kg | C17: 135 | D17: 150 | F17: =C17+D17+E17 -> 285 | H17: 165 | J17: =F17-G17-H17-I17 -> 120
A18: ='Company Stock '!A19 -> Energy Flow | B18: ='Company Stock '!B19 -> 500gm | C18: 96 | F18: =C18+D18+E18 -> 96 | J18: =F18-G18-H18-I18 -> 96
A19: ='Company Stock '!A20 -> Enrosef | B19: ='Company Stock '!B20 -> 100ml | C19: 0 | F19: =C19+D19+E19 -> 0 | J19: =F19-G19-H19-I19 -> 0
A20: ='Company Stock '!A21 -> Enrosef | B20: ='Company Stock '!B21 -> 500ml | C20: 0 | F20: =C20+D20+E20 -> 0 | J20: =F20-G20-H20-I20 -> 0
A21: ='Company Stock '!A22 -> Erostep | B21: ='Company Stock '!B22 -> 100gm | C21: 0 | F21: =C21+D21+E21 -> 0 | J21: =F21-G21-H21-I21 -> 0
A22: ='Company Stock '!A23 -> Green Vita | B22: ='Company Stock '!B23 -> 500gm | C22: 0 | F22: =C22+D22+E22 -> 0 | J22: =F22-G22-H22-I22 -> 0
A23: ='Company Stock '!A24 -> Liver Win | B23: ='Company Stock '!B24 -> 500ml | C23: 83 | F23: =C23+D23+E23 -> 83 | J23: =F23-G23-H23-I23 -> 83
A24: ='Company Stock '!A25 -> Oxy-win (Granular) | B24: ='Company Stock '!B25 -> 1kg | C24: 40 | F24: =C24+D24+E24 -> 40 | J24: =F24-G24-H24-I24 -> 40
A25: ='Company Stock '!A26 -> Oxy-win (Tablet) | B25: ='Company Stock '!B26 -> 1kg | C25: 30 | F25: =C25+D25+E25 -> 30 | J25: =F25-G25-H25-I25 -> 30
A26: ='Company Stock '!A27 -> Pro Yucca for Fish | B26: ='Company Stock '!B27 -> 100ml | C26: 80 | F26: =C26+D26+E26 -> 80 | J26: =F26-G26-H26-I26 -> 80
A27: ='Company Stock '!A28 -> Pro Yucca for Fish | B27: ='Company Stock '!B28 -> 500ml | C27: 59 | F27: =C27+D27+E27 -> 59 | J27: =F27-G27-H27-I27 -> 59
A28: ='Company Stock '!A29 -> Vitafort Aqua | B28: ='Company Stock '!B29 -> 500gm | C28: 10 | F28: =C28+D28+E28 -> 10 | J28: =F28-G28-H28-I28 -> 10
A29: ='Company Stock '!A30 -> Vitazyme Aqua | B29: ='Company Stock '!B30 -> 500gm | C29: 64 | F29: =C29+D29+E29 -> 64 | J29: =F29-G29-H29-I29 -> 64
A30: ='Company Stock '!A31 -> Win C | B30: ='Company Stock '!B31 -> 100gm | C30: 0 | F30: =C30+D30+E30 -> 0 | J30: =F30-G30-H30-I30 -> 0
A31: ='Company Stock '!A32 -> Win C | B31: ='Company Stock '!B32 -> 500gm
A32: ='Company Stock '!A33 -> Win Health | B32: ='Company Stock '!B33 -> 500ml | C32: 23 | F32: =C32+D32+E32 -> 23 | J32: =F32-G32-H32-I32 -> 23
A33: ='Company Stock '!A34 -> Win Max Plus | B33: ='Company Stock '!B34 -> 50ml | C33: =75+28 -> 103 | F33: =C33+D33+E33 -> 103 | J33: =F33-G33-H33-I33 -> 103
A34: ='Company Stock '!A35 -> Win Max Plus | B34: ='Company Stock '!B35 -> 200ml | C34: 217 | D34: 144 | F34: =C34+D34+E34 -> 361 | H34: 96 | J34: =F34-G34-H34-I34 -> 265
A35: ='Company Stock '!A36 -> Win Pro Aqua | B35: ='Company Stock '!B36 -> 100gm | C35: 199 | F35: =C35+D35+E35 -> 199 | J35: =F35-G35-H35-I35 -> 199
A36: ='Company Stock '!A37 -> Win Pro Aqua | B36: ='Company Stock '!B37 -> 200gm | C36: 70 | D36: 135 | F36: =C36+D36+E36 -> 205 | J36: =F36-G36-H36-I36 -> 205
A37: ='Company Stock '!A38 -> Winxide Aqua | B37: ='Company Stock '!B38 -> 100ml | C37: 34 | F37: =C37+D37+E37 -> 34 | J37: =F37-G37-H37-I37 -> 34
A38: ='Company Stock '!A39 -> Winxide Aqua | B38: ='Company Stock '!B39 -> 500ml | C38: 139 | F38: =C38+D38+E38 -> 139 | J38: =F38-G38-H38-I38 -> 139
A42: Assigned Officer | K42: Zone Incharge
